movie_name,release_date,vote_average,vote_count,runtime,production_year,production_budget,domestic_box_office,international_box_office,rating,genre,creative_type,type,director,cast,country,listed_in,release_year
Knowing,2009-03-19,6.1,4067,121,2009,50000000,79957634,106492683,PG-13,Thriller/Suspense,Contemporary Fiction,Movie,Alex Proyas,"Nicolas Cage, Chandler Canterbury, Rose Byrne, Lara Robinson, D.G. Maloney, Nadia Townsend, Alan Hopgood, Adrienne Pickering","United States, United Kingdom, Australia","Sci-Fi & Fantasy, Thrillers",2009
Spider-Man 3,2007-05-01,6.3,10473,139,2007,258000000,336530303,558329927,PG-13,Adventure,Super Hero,Movie,Sam Raimi,"Tobey Maguire, Kirsten Dunst, James Franco, Thomas Haden Church, Topher Grace, Bryce Dallas Howard, Rosemary Harris, J.K. Simmons, James Cromwell, Theresa Russell, Dylan Baker, Bill Nunn, Bruce Campbell, Elizabeth Banks",United States,"Action & Adventure, Sci-Fi & Fantasy",2007
Legion,2010-01-21,5.7,1933,100,2010,26000000,40168080,27479494,R,Thriller/Suspense,Fantasy,Movie,Scott Stewart,"Paul Bettany, Lucas Black, Tyrese Gibson, Adrianne Palicki, Charles S. Dutton, Jon Tenney, Kevin Durand, Willa Holland, Kate Walsh, Dennis Quaid, Jeanette Miller, Cameron Harlow, Doug Jones, Josh Stamberg, Yancey Arias",United States,"Action & Adventure, Horror Movies, Sci-Fi & Fantasy",2010
The Twilight Saga: Eclipse,2010-06-23,6.2,7154,124,2010,68000000,300531751,405571077,PG-13,Drama,Fantasy,Movie,David Slade,"Kristen Stewart, Robert Pattinson, Taylor Lautner, Bryce Dallas Howard, Billy Burke, Dakota Fanning, Peter Facinelli, Elizabeth Reaser, Jackson Rathbone, Kellan Lutz, Ashley Greene, Nikki Reed",United States,"Dramas, Romantic Movies",2010
Ninja Assassin,2009-09-29,6.5,1053,99,2009,50000000,38122883,24087009,R,Action,Contemporary Fiction,Movie,James McTeigue,"Rain, Naomie Harris, Ben Miles, Rick Yune, Shô Kosugi, Sung Kang, Richard van Weyden, Thorston Manderlay, Wladimir Tarasjanz, Eleonore Weisgerber","Germany, United States, France",Action & Adventure,2009
Star Trek,2009-05-06,7.4,8170,127,2009,140000000,257730019,129109595,PG-13,Adventure,Science Fiction,Movie,J.J. Abrams,"Chris Pine, Zachary Quinto, Karl Urban, Zoe Saldana, Simon Pegg, John Cho, Anton Yelchin, Eric Bana, Leonard Nimoy, Bruce Greenwood, Ben Cross, Winona Ryder","United States, Germany","Action & Adventure, Sci-Fi & Fantasy",2009
Zack and Miri Make a Porno,2008-09-18,6.3,1757,102,2008,24000000,31457946,5398360,R,Comedy,Contemporary Fiction,Movie,Kevin Smith,"Seth Rogen, Elizabeth Banks, Craig Robinson, Jason Mewes, Jeff Anderson, Traci Lords, Katie Morgan, Ricky Mabe, Justin Long, Brandon Routh, Tyler Labine, Tom Savini, Tisha Campbell-Martin, Jennifer Schwalbach, Gerry Bednob",United States,"Comedies, Independent Movies, Romantic Movies",2008
The Conjuring,2013-03-20,7.5,8829,112,2013,20000000,137400141,180600000,R,Horror,Fantasy,Movie,James Wan,"Vera Farmiga, Patrick Wilson, Lili Taylor, Ron Livingston, Shanley Caswell, Hayley McFarland, Joey King, Mackenzie Foy, Kyla Deaver, Shannon Kook",United States,"Horror Movies, Thrillers",2013
The Last Airbender,2010-06-30,4.7,3093,103,2010,150000000,131772187,187941694,PG,Adventure,Fantasy,Movie,M. Night Shyamalan,"Noah Ringer, Dev Patel, Nicola Peltz, Jackson Rathbone, Shaun Toub, Aasif Mandvi, Cliff Curtis, Seychelle Gabriel, Jessica Andres, Keong Sim, Summer Bishil, Francis Guinan, Katharine Houghton, Damon Gupton",United States,"Action & Adventure, Children & Family Movies, Sci-Fi & Fantasy",2010
Inception,2010-07-15,8.3,30184,148,2010,160000000,292576195,539825887,PG-13,Thriller/Suspense,Science Fiction,Movie,Christopher Nolan,"Leonardo DiCaprio, Joseph Gordon-Levitt, Elliot Page, Tom Hardy, Ken Watanabe, Dileep Rao, Cillian Murphy, Tom Berenger, Marion Cotillard, Pete Postlethwaite, Michael Caine, Lukas Haas","United States, United Kingdom","Action & Adventure, Sci-Fi & Fantasy, Thrillers",2010
Cirque du Freak: The Vampire's Assistant,2009-10-23,5.7,838,109,2009,40000000,14046595,25707362,PG-13,Action,Fantasy,Movie,Paul Weitz,"John C. Reilly, Ken Watanabe, Josh Hutcherson, Chris Massoglia, Ray Stevenson, Patrick Fugit, Orlando Jones, Willem Dafoe, Salma Hayek, Michael Cerveris, Jane Krakowski, Frankie Faison, Patrick Breen, Colleen Camp, Don McManus, Jessica Carlson, Kristen Schaal",United States,"Action & Adventure, Horror Movies, Sci-Fi & Fantasy",2009
2012,2009-10-10,5.8,9992,158,2009,200000000,166112167,622296372,PG-13,Action,Science Fiction,Movie,Roland Emmerich,"John Cusack, Amanda Peet, Chiwetel Ejiofor, Thandie Newton, Oliver Platt, Tom McCarthy, Woody Harrelson, Danny Glover, Liam James, Morgan Lily",United States,"Action & Adventure, Sci-Fi & Fantasy",2009
Thor: Ragnarok,2017-10-25,7.6,16679,131,2017,180000000,315058289,531921735,PG-13,Action,Super Hero,Movie,Taika Waititi,"Chris Hemsworth, Tom Hiddleston, Cate Blanchett, Idris Elba, Jeff Goldblum, Tessa Thompson, Karl Urban, Mark Ruffalo, Anthony Hopkins, Benedict Cumberbatch, Taika Waititi, Rachel House, Clancy Brown, Tadanobu Asano, Ray Stevenson, Zachary Levi, Luke Hemsworth, Sam Neill",United States,"Action & Adventure, Comedies, Sci-Fi & Fantasy",2017
Terminator Salvation,2009-05-20,6,5115,115,2009,200000000,125322469,240169323,PG-13,Action,Science Fiction,Movie,McG,"Christian Bale, Sam Worthington, Moon Bloodgood, Helena Bonham Carter, Anton Yelchin, Jadagrace, Bryce Dallas Howard, Common, Jane Alexander, Michael Ironside","United States, Germany, United Kingdom, Italy","Action & Adventure, Sci-Fi & Fantasy",2009
Clash of the Titans,2010-03-31,5.9,5046,106,2010,125000000,163214888,330000000,PG-13,Action,Fantasy,Movie,Louis Leterrier,"Sam Worthington, Liam Neeson, Ralph Fiennes, Jason Flemyng, Gemma Arterton, Alexa Davalos, Tine Stapelfeldt, Mads Mikkelsen, Luke Evans","United States, United Kingdom, Australia","Action & Adventure, Sci-Fi & Fantasy",2010
District 9,2009-08-05,7.4,7461,112,2009,30000000,115646235,96807196,R,Thriller/Suspense,Science Fiction,Movie,Neill Blomkamp,"Sharlto Copley, Jason Cope, David James, Vanessa Haywood, Mandla Gaduka, Kenneth Nkosi, Eugene Khumbanyiwa, Louis Minnaar, William Allen Young, Nathalie Boltt","South Africa, United States, New Zealand, Canada","Action & Adventure, International Movies, Sci-Fi & Fantasy",2009
Coraline,2009-02-05,7.8,5356,100,2009,60000000,75286229,50750828,PG,Adventure,Kids Fiction,Movie,Henry Selick,"Dakota Fanning, Teri Hatcher, John Hodgman, Jennifer Saunders, Dawn French, Keith David, Robert Bailey Jr., Ian McShane",United States,Children & Family Movies,2009
Green Lantern,2011-06-16,5.2,5909,114,2011,200000000,116601172,102934320,PG-13,Action,Super Hero,Movie,Martin Campbell,"Ryan Reynolds, Blake Lively, Peter Sarsgaard, Mark Strong, Tim Robbins, Jay O. Sanders, Taika Waititi, Angela Bassett",United States,"Action & Adventure, Sci-Fi & Fantasy",2011
Angels & Demons,2009-05-13,6.7,5509,138,2009,150000000,133375846,357500000,PG-13,Thriller/Suspense,Contemporary Fiction,Movie,Ron Howard,"Tom Hanks, Ewan McGregor, Ayelet Zurer, Stellan Skarsgård, Pierfrancesco Favino, Nikolaj Lie Kaas, Armin Mueller-Stahl, Thure Lindhardt, David Pasquesi, Cosimo Fusco","United States, Italy",Thrillers,2009
Grown Ups,2010-06-24,6.3,4649,102,2010,75000000,162001186,110222244,PG-13,Comedy,Contemporary Fiction,Movie,Dennis Dugan,"Adam Sandler, Kevin James, Chris Rock, David Spade, Rob Schneider, Salma Hayek, Maria Bello, Maya Rudolph, Colin Quinn, Tim Meadows, Joyce Van Patten",United States,Comedies,2010
Yes Man,2008-12-09,6.6,5283,104,2008,50000000,97690976,128300000,PG-13,Comedy,Contemporary Fiction,Movie,Peyton Reed,"Jim Carrey, Zooey Deschanel, Bradley Cooper, John Michael Higgins, Rhys Darby, Danny Masterson, Fionnula Flanagan, Terence Stamp, Sasha Alexander, Molly Sims","United States, United Kingdom","Comedies, Romantic Movies",2008
Twilight,2008-11-20,6.3,11034,122,2008,37000000,192769854,209510305,PG-13,Drama,Fantasy,Movie,Catherine Hardwicke,"Kristen Stewart, Robert Pattinson, Billy Burke, Peter Facinelli, Elizabeth Reaser, Cam Gigandet, Ashley Greene, Anna Kendrick, Nikki Reed, Taylor Lautner, Jackson Rathbone, Kellan Lutz",United States,"Action & Adventure, Dramas, Romantic Movies",2008
17 Again,2009-03-11,6.3,4135,102,2009,40000000,64167069,75307837,PG-13,Comedy,Fantasy,Movie,Burr Steers,"Zac Efron, Leslie Mann, Matthew Perry, Thomas Lennon, Michelle Trachtenberg, Melora Hardin, Sterling Knight, Hunter Parrish, Nicole Sullivan, Allison Miller",United States,Comedies,2009
Inglourious Basterds,2009-08-19,8.2,17709,153,2009,70000000,120774594,196140670,R,Action,Historical Fiction,Movie,Quentin Tarantino,"Brad Pitt, Mélanie Laurent, Christoph Waltz, Eli Roth, Michael Fassbender, Diane Kruger, Daniel Brühl, Til Schweiger, Gedeon Burkhard, Jacky Ido, B.J. Novak, Sylvester Groth, Martin Wuttke","Germany, United States",Action & Adventure,2009
Zombieland,2009-10-07,7.3,9871,88,2009,23600000,75590286,26646310,R,Comedy,Contemporary Fiction,Movie,Ruben Fleischer,"Jesse Eisenberg, Woody Harrelson, Emma Stone, Abigail Breslin, Amber Heard, Bill Murray, Derek Graf",United States,"Comedies, Horror Movies",2009
The Losers,2010-04-23,6.3,1334,97,2010,25000000,23591432,6272408,PG-13,Action,Contemporary Fiction,Movie,Sylvain White,"Jeffrey Dean Morgan, Zoe Saldana, Chris Evans, Idris Elba, Columbus Short, Óscar Jaenada, Jason Patric, Holt McCallany, Peter Macdissi, Peter Francis James","United States, France",Action & Adventure,2010
The Croods,2013-03-15,6.9,5665,98,2013,135000000,187168425,385900000,PG,Adventure,Kids Fiction,Movie,"Kirk De Micco, Chris Sanders","Nicolas Cage, Emma Stone, Ryan Reynolds, Catherine Keener, Cloris Leachman, Clark Duke, Chris Sanders, Randy Thom",United States,"Children & Family Movies, Comedies",2013
Sex and the City 2,2010-05-26,6.1,1334,146,2010,95000000,95347692,199333086,R,Comedy,Contemporary Fiction,Movie,Michael Patrick King,"Sarah Jessica Parker, Kim Cattrall, Cynthia Nixon, Kristin Davis, Chris Noth, John Corbett, David Eigenberg, Evan Handler, Jason Lewis, Willie Garson, Mario Cantone",United States,"Comedies, Dramas, Romantic Movies",2010
Kung Fu Panda,2008-06-04,7.2,8839,90,2008,130000000,215434591,416475940,PG,Adventure,Kids Fiction,Movie,"John Stevenson, Mark Osborne","Jack Black, Dustin Hoffman, Angelina Jolie, Ian McShane, Seth Rogen, Lucy Liu, Jackie Chan, David Cross, Randall Duk Kim, James Hong","United States, China","Children & Family Movies, Comedies",2008
Bedtime Stories,2008-12-24,6.1,2285,99,2008,80000000,110101975,111366960,PG,Adventure,Fantasy,Movie,Adam Shankman,"Adam Sandler, Keri Russell, Guy Pearce, Russell Brand, Richard Griffiths, Jonathan Pryce, Courteney Cox, Lucy Lawless, Teresa Palmer, Aisha Tyler, Laura Ann Kesling, Jackie Sandler, Lorna Scott, Dana Min Goodman, Andrew Collins, Jonathan Loughran, Jonathan Morgan Heit, Nick Swardson, Tim Herlihy, Billy Tyler, Johntae Lipscomb, Mikey Post, Sebastian Saraceno, Bill Romanowski, Sadie Sandler, Carmen Electra, Allen Covert, Kathryn Joosten, Annalise Basso, Blake Clark, Julia Lea Wolov, Sarah G. Buxton",United States,"Children & Family Movies, Comedies",2008
Skyline,2010-11-11,4.9,1230,92,2010,10000000,21416355,46848618,PG-13,Thriller/Suspense,Science Fiction,Movie,"Colin Strause, Greg Strause","Eric Balfour, Scottie Thompson, Brittany Daniel, Crystal Reed, Neil Hopkins, David Zayas, Donald Faison, Robin Gammell, Tanya Newbould, J. Paul Boehmer",United States,"Action & Adventure, Sci-Fi & Fantasy",2010
State of Play,2009-04-17,6.8,1419,127,2009,60000000,37017955,51814255,PG-13,Thriller/Suspense,Contemporary Fiction,Movie,Kevin Macdonald,"Russell Crowe, Ben Affleck, Rachel McAdams, Helen Mirren, Robin Wright, Jason Bateman, Jeff Daniels, Michael Berresse, Harry Lennix","United States, United Kingdom, France","Dramas, Thrillers",2009
The Twilight Saga: New Moon,2009-11-18,6,7538,131,2009,50000000,296623634,390934093,PG-13,Drama,Fantasy,Movie,Chris Weitz,"Kristen Stewart, Robert Pattinson, Taylor Lautner, Ashley Greene, Rachelle Lefevre, Billy Burke, Michael Sheen, Dakota Fanning, Peter Facinelli, Elizabeth Reaser, Jackson Rathbone, Kellan Lutz, Nikki Reed, Edi Gathegi",United States,"Dramas, Romantic Movies",2009
The Tourist,2010-12-08,6.2,4470,103,2010,100000000,67631157,211100212,PG-13,Thriller/Suspense,Contemporary Fiction,Movie,Florian Henckel von Donnersmarck,"Angelina Jolie, Johnny Depp, Paul Bettany, Timothy Dalton, Steven Berkoff, Rufus Sewell, Christian De Sica, Alessio Boni, Daniele Pecci, Giovanni Guidelli","United States, France, Italy, United Kingdom","Action & Adventure, Romantic Movies",2010
Kung Fu Panda 2,2011-05-25,6.9,5257,91,2011,150000000,165249063,499588484,PG,Adventure,Kids Fiction,Movie,Jennifer Yuh Nelson,"Jack Black, Angelina Jolie, Dustin Hoffman, Gary Oldman, Seth Rogen, Lucy Liu, Jackie Chan, David Cross, James Hong, Michelle Yeoh","United States, China","Children & Family Movies, Comedies",2011
The Other Guys,2010-08-06,6.3,3209,107,2010,100000000,119219978,51716492,PG-13,Comedy,Contemporary Fiction,Movie,Adam McKay,"Will Ferrell, Mark Wahlberg, Eva Mendes, Michael Keaton, Steve Coogan, Ray Stevenson, Samuel L. Jackson, Dwayne Johnson, Lindsay Sloane, Natalie Zea",United States,"Action & Adventure, Comedies",2010
Superbad,2007-03-20,7.2,5386,113,2007,17500000,121463226,48491916,R,Comedy,Contemporary Fiction,Movie,Greg Mottola,"Jonah Hill, Michael Cera, Christopher Mintz-Plasse, Bill Hader, Seth Rogen, Martha MacIsaac, Emma Stone, Aviva Baumann, Joe Lo Truglio, Kevin Corrigan",United States,"Comedies, Cult Movies",2007
The Princess and the Frog,2009-12-08,7.1,4186,98,2009,105000000,104400899,166596479,G,Adventure,Kids Fiction,Movie,"Ron Clements, John Musker","Anika Noni Rose, Bruno Campos, Keith David, Michael-Leon Wooley, Jennifer Cody, Jim Cummings, Peter Bartlett, Jenifer Lewis, Oprah Winfrey, Terrence Howard, John Goodman, Emeril Lagasse, June Christopher, Paul Briggs, Rob Edwards, John Kassir, Fred Tatasciore, Kimberly Russell, Rif Hutton, Randy Newman, Bridget Hoffman, Corey Burton, Joe Whyte, Michael Colyar, Bruce Smith, Terri Douglas, Claudette Wells, Roger Aaron Brown, Mona Marshall, Terence Blanchard, Kwesi Boakye, Mick Wingert, David Cowgill, Peter Renaday, John Musker, Ritchie Montgomery, Jerry Kernion, Philip Proctor, Eddie Frierson",United States,Children & Family Movies,2009
Igor,2008-09-19,5.9,436,87,2008,22000000,19528602,11484747,PG,Adventure,Kids Fiction,Movie,Tony Leondis,"John Cusack, Steve Buscemi, Sean Hayes, Molly Shannon, Eddie Izzard, Jennifer Coolidge, Jay Leno","United States, France",Children & Family Movies,2008
30 Minutes or Less,2011-08-11,5.7,1294,83,2011,28000000,37053924,3912792,R,Comedy,Contemporary Fiction,Movie,Ruben Fleischer,"Jesse Eisenberg, Danny McBride, Aziz Ansari, Nick Swardson, Dilshad Vadsaria, Michael Peña, Bianca Kajlich, Fred Ward",United States,"Action & Adventure, Comedies",2011
Snowpiercer,2013-08-01,6.9,7630,127,2013,40000000,4563029,83506851,R,Thriller/Suspense,Science Fiction,Movie,Bong Joon Ho,"Chris Evans, Song Kang-ho, Ed Harris, John Hurt, Tilda Swinton, Jamie Bell, Octavia Spencer, Ewen Bremner, Alison Pill, Adnan Haskovic, Vlad Ivanov, Ko A-sung, Luke Pasqualino","South Korea, Czech Republic","Action & Adventure, Cult Movies, International Movies",2013
Monster House,2006-06-30,6.6,3012,91,2006,75000000,73661010,67606360,PG,Adventure,Kids Fiction,Movie,Gil Kenan,"Mitchel Musso, Sam Lerner, Spencer Locke, Steve Buscemi, Kathleen Turner, Jason Lee, Jon Heder, Maggie Gyllenhaal, Catherine O'Hara, Fred Willard, Nick Cannon, Kevin James",United States,"Children & Family Movies, Comedies",2006
Olympus Has Fallen,2013-03-20,6.3,5464,120,2013,70000000,98927592,51634572,R,Thriller/Suspense,Contemporary Fiction,Movie,Antoine Fuqua,"Gerard Butler, Aaron Eckhart, Morgan Freeman, Finley Jacobsen, Dylan McDermott, Rick Yune, Angela Bassett, Melissa Leo, Radha Mitchell, Cole Hauser, Ashley Judd, Robert Forster",United States,Action & Adventure,2013
21,2008-03-27,6.7,3642,123,2008,35000000,81159365,78687064,PG-13,Thriller/Suspense,Contemporary Fiction,Movie,Robert Luketic,"Jim Sturgess, Kevin Spacey, Kate Bosworth, Aaron Yoo, Liza Lapira, Jacob Pitts, Laurence Fishburne, Jack McGee, Josh Gad, Sam Golzari, Helen Carey, Jack Gilpin",United States,Dramas,2008
Madagascar 3: Europe's Most Wanted,2012-06-06,6.6,4860,93,2012,145000000,216391482,530529789,PG,Adventure,Kids Fiction,Movie,"Eric Darnell, Tom McGrath, Conrad Vernon","Ben Stiller, Chris Rock, David Schwimmer, Jada Pinkett Smith, Sacha Baron Cohen, Cedric the Entertainer, Andy Richter, Tom McGrath, Frances McDormand, Jessica Chastain, Bryan Cranston, Martin Short",United States,"Children & Family Movies, Comedies",2012
Seventh Son,2014-12-12,5.5,2076,102,2014,95000000,17725785,91149182,PG-13,Adventure,Fantasy,Movie,Sergei Bodrov,"Jeff Bridges, Ben Barnes, Julianne Moore, Alicia Vikander, Antje Traue, Olivia Williams, John DeSantis, Kit Harington, Djimon Hounsou, Gerard Plunkett, Jason Scott Lee","United States, United Kingdom, Canada, China","Action & Adventure, Sci-Fi & Fantasy",2014
Paul Blart: Mall Cop,2009-01-15,5.4,1957,91,2009,26000000,146336178,39568572,PG,Adventure,Contemporary Fiction,Movie,Steve Carr,"Kevin James, Keir O'Donnell, Jayma Mays, Raini Rodriguez, Shirley Knight, Stephen Rannazzisi, Peter Gerety, Bobby Cannavale, Adam Ferrara, Jamal Mixon, Adhir Kalyan, Gary Valentine",United States,"Action & Adventure, Comedies",2009
Rango,2011-03-02,6.7,4997,107,2011,135000000,123477607,122246993,PG,Adventure,Kids Fiction,Movie,Gore Verbinski,"Johnny Depp, Isla Fisher, Abigail Breslin, Ned Beatty, Alfred Molina, Bill Nighy, Stephen Root, Harry Dean Stanton, Timothy Olyphant, Ray Winstone","United States, Canada","Children & Family Movies, Comedies",2011
9,2009-08-19,6.8,2772,79,2009,30000000,31749894,16810105,PG-13,Adventure,Fantasy,Movie,Shane Acker,"Elijah Wood, John C. Reilly, Jennifer Connelly, Christopher Plummer, Crispin Glover, Martin Landau, Fred Tatasciore, Alan Oppenheimer, Tom Kane",United States,"Action & Adventure, Independent Movies, Sci-Fi & Fantasy",2009
Sherlock Holmes,2009-01-01,7.2,11733,129,2009,90000000,209028679,289409533,PG-13,Adventure,Historical Fiction,Movie,Guy Ritchie,"Robert Downey Jr., Jude Law, Rachel McAdams, Mark Strong, Eddie Marsan, Robert Maillet, Geraldine James, Kelly Reilly, William Houston, James Fox, Hans Matheson","United States, Germany, United Kingdom, Australia","Action & Adventure, Comedies",2009
The Ugly Truth,2009-07-24,6.5,2859,96,2009,38000000,88915214,116383693,R,Romantic Comedy,Contemporary Fiction,Movie,Robert Luketic,"Katherine Heigl, Gerard Butler, Eric Winter, John Michael Higgins, Bree Turner, Nick Searcy, Kevin Connolly, Cheryl Hines, Bonnie Somerville, Yvette Nicole Brown, Nate Corddry, Noah Matthews",United States,"Comedies, Romantic Movies",2009
Bolt,2008-11-21,6.5,4769,98,2008,150000000,114053579,213961450,PG,Adventure,Kids Fiction,Movie,"Byron Howard, Chris Williams","John Travolta, Miley Cyrus, Susie Essman, Mark Walton, Malcolm McDowell, James Lipton, Greg Germann, Diedrich Bader, Nick Swardson, J.P. Manoux, Dan Fogelman, Kari Wahlgren, Chloë Grace Moretz, Randy Savage, Ronn Moss, John DiMaggio, Daran Norris, Jeff Bennett, Brian Stepanek, Todd Cummings",United States,"Children & Family Movies, Comedies",2008
The Lovely Bones,2009-02-19,7,3593,136,2009,95000000,44114232,50780216,PG-13,Drama,Contemporary Fiction,Movie,Peter Jackson,"Mark Wahlberg, Rachel Weisz, Susan Sarandon, Stanley Tucci, Michael Imperioli, Saoirse Ronan, Rose McIver, Christian Thomas Ashdale, Reece Ritchie, Carolyn Dando","United States, United Kingdom, New Zealand","Dramas, International Movies, Sci-Fi & Fantasy",2009
Final Destination 3,2006-02-09,6.1,2859,93,2006,25000000,54098051,58700000,R,Horror,Fantasy,Movie,James Wong,"Mary Elizabeth Winstead, Ryan Merriman, Kris Lemche, Alexz Johnson, Sam Easton, Jesse Moss, Gina Holden, Texas Battle, Chelan Simmons, Crystal Lowe, Amanda Crew","United States, Germany",Horror Movies,2006
Goosebumps 2: Haunted Halloween,2018-10-11,6.1,1093,90,2018,35000000,46697321,46594157,PG,Horror,Kids Fiction,Movie,Ari Sandel,"Jeremy Ray Taylor, Madison Iseman, Caleel Harris, Wendi McLendon-Covey, Chris Parnell, Ken Jeong, Jack Black","United States, United Kingdom","Children & Family Movies, Comedies",2018
Due Date,2010-11-04,6.3,4365,95,2010,65000000,100539043,111200000,R,Comedy,Contemporary Fiction,Movie,Todd Phillips,"Robert Downey Jr., Zach Galifianakis, Michelle Monaghan, Jamie Foxx, Juliette Lewis, Danny McBride, RZA, Matt Walsh",United States,"Action & Adventure, Comedies",2010
Homefront,2013-11-12,7,2695,100,2013,22000000,20158492,31536870,R,Action,Contemporary Fiction,Movie,Gary Fleder,"Jason Statham, James Franco, Izabela Vidovic, Kate Bosworth, Marcus Hester, Clancy Brown, Winona Ryder, Omar Benson Miller, Rachelle Lefevre, Frank Grillo, Chuck Zito, Pruitt Taylor Vince",United States,Action & Adventure,2013
Casino Royale,2006-11-14,7.5,8414,144,2006,102000000,167365000,427055283,PG-13,Action,Contemporary Fiction,Movie,Martin Campbell,"Daniel Craig, Judi Dench, Eva Green, Jeffrey Wright, Mads Mikkelsen, Giancarlo Giannini","United Kingdom, Czech Republic, United States, Germany, Bahamas",Action & Adventure,2006
Friday the 13th,2009-02-11,5.8,1890,97,2009,17000000,65002019,27668218,R,Horror,Fantasy,Movie,Marcus Nispel,"Jared Padalecki, Danielle Panabaker, Amanda Righetti, Travis Van Winkle, Aaron Yoo, Derek Mears, Jonathan Sadowski, Julianna Guill, Ben Feldman, Arlen Escarpeta, Ryan Hansen",United States,Horror Movies,2009
Cloudy with a Chance of Meatballs,2009-09-17,6.6,4599,90,2009,100000000,124870275,111957402,PG,Adventure,Kids Fiction,Movie,"Phil Lord, Christopher Miller","Bill Hader, Anna Faris, James Caan, Andy Samberg, Bruce Campbell, Mr. T, Bobb'e J. Thompson, Benjamin Bratt, Neil Patrick Harris, Al Roker","United States, Canada","Children & Family Movies, Comedies, Sci-Fi & Fantasy",2009
Quantum of Solace,2008-10-31,6.3,6189,106,2008,230000000,169368427,422323651,PG-13,Action,Contemporary Fiction,Movie,Marc Forster,"Daniel Craig, Olga Kurylenko, Mathieu Amalric, Judi Dench, Giancarlo Giannini, Gemma Arterton, Jeffrey Wright, David Harbour, Jesper Christensen, Anatole Taubman","United Kingdom, United States",Action & Adventure,2008
Never Back Down,2008-03-04,6.7,1828,115,2008,21000000,24850922,14468879,PG-13,Action,Contemporary Fiction,Movie,Jeff Wadlow,"Sean Faris, Amber Heard, Cam Gigandet, Evan Peters, Leslie Hope, Djimon Hounsou, Wyatt Smith, Affion Crockett, Neil Brown Jr., Lauren Leech, Tilky Jones, Steven Crowley, Tom Nowicki",United States,"Action & Adventure, Dramas, Sports Movies",2008
Ghost Rider,2007-01-15,5.5,4603,114,2007,120000000,115802596,113742993,PG-13,Action,Super Hero,Movie,Mark Steven Johnson,"Nicolas Cage, Eva Mendes, Wes Bentley, Sam Elliott, Donal Logue, Matt Long, Peter Fonda, Brett Cullen, Raquel Alessi, Laurence Breuls","United States, Australia","Action & Adventure, Sci-Fi & Fantasy",2007
The Final Destination,2009-08-26,5.6,2410,82,2009,40000000,66477700,120906927,R,Horror,Fantasy,Movie,David R. Ellis,"Bobby Campo, Shantel VanSanten, Nick Zano, Haley Webb, Mykelti Williamson, Krista Allen, Andrew Fiscella, Justin Welborn, Stephanie Honoré",United States,Horror Movies,2009
Madagascar: Escape 2 Africa,2008-10-30,6.4,5441,89,2008,150000000,180174880,419505894,PG,Adventure,Kids Fiction,Movie,"Eric Darnell, Tom McGrath","Ben Stiller, Chris Rock, David Schwimmer, Jada Pinkett Smith, Sacha Baron Cohen, Cedric the Entertainer, Andy Richter, Bernie Mac, Alec Baldwin, Sherri Shepherd",United States,"Children & Family Movies, Comedies",2008
Left Behind,2014-10-03,4.2,1046,110,2014,16000000,14019924,6749285,PG-13,Thriller/Suspense,Science Fiction,Movie,Vic Armstrong,"Nicolas Cage, Chad Michael Murray, Cassi Thomson, Nicky Whelan, Jordin Sparks, Lea Thompson, Gary Grubbs, Quinton Aaron","United States, Canada","Action & Adventure, Faith & Spirituality, Sci-Fi & Fantasy",2014
The Next Three Days,2010-11-18,7.1,2217,133,2010,30000000,21148651,46107265,PG-13,Thriller/Suspense,Contemporary Fiction,Movie,Paul Haggis,"Russell Crowe, Elizabeth Banks, Brian Dennehy, Lennie James, Olivia Wilde, Ty Simpkins, Helen Carey, Liam Neeson, Daniel Stern, Kevin Corrigan","United States, France","Dramas, Thrillers",2010
Letters to Juliet,2010-05-13,7,2425,105,2010,30000000,53032453,29116085,PG,Drama,Contemporary Fiction,Movie,Gary Winick,"Amanda Seyfried, Christopher Egan, Gael García Bernal, Vanessa Redgrave, Franco Nero, Luisa Ranieri, Marina Massironi, Milena Vukotic, Marcia DeBonis, Luisa De Santis, Lidia Biondi, Giordano Formenti, Chris Egan",United States,"Comedies, Dramas, Romantic Movies",2010
The BFG,2016-06-01,6.2,2690,117,2016,140000000,55483770,144162910,PG,Adventure,Kids Fiction,Movie,Steven Spielberg,"Mark Rylance, Ruby Barnhill, Penelope Wilton, Jemaine Clement, Rebecca Hall, Rafe Spall, Bill Hader, Ólafur Darri Ólafsson, Adam Godley, Michael Adamthwaite, Daniel Bacon, Jonathan Holmes, Chris Gibbs, Paul Moniz de Sa","United States, India, United Kingdom","Children & Family Movies, Dramas",2016
Lady Bird,2017-09-08,7.3,6667,94,2017,10000000,48958273,29652496,R,Drama,Contemporary Fiction,Movie,Greta Gerwig,"Saoirse Ronan, Laurie Metcalf, Tracy Letts, Lucas Hedges, Timothée Chalamet, Beanie Feldstein, Lois Smith, Stephen Henderson, Odeya Rush, Jordan Rodrigues",United States,"Comedies, Dramas, Independent Movies",2017
Cloudy with a Chance of Meatballs 2,2013-09-26,6.4,2409,95,2013,78000000,119793567,154599082,PG,Adventure,Kids Fiction,Movie,"Cody Cameron, Kris Pearn","Bill Hader, Anna Faris, James Caan, Will Forte, Andy Samberg, Benjamin Bratt, Neil Patrick Harris, Terry Crews, Kristen Schaal",United States,"Children & Family Movies, Comedies",2013
The American,2010-08-31,5.9,1018,104,2010,20000000,35606376,32344347,R,Thriller/Suspense,Contemporary Fiction,Movie,Anton Corbijn,"George Clooney, Violante Placido, Thekla Reuten, Paolo Bonacelli, Johan Leysen, Irina Björklund, Filippo Timi, Anna Foglietta, Björn Granath","United States, United Kingdom","Dramas, Thrillers",2010
Legend,2015-09-09,6.9,2638,132,2015,25000000,1872994,40552456,R,Thriller/Suspense,Dramatization,Movie,Brian Helgeland,"Tom Hardy, Emily Browning, David Thewlis, Duffy, Christopher Eccleston, Chazz Palminteri, Paul Bettany, Taron Egerton, Colin Morgan, Tara Fitzgerald","United Kingdom, France, United States","Dramas, International Movies, Thrillers",2015
The Smurfs 2,2013-07-30,5.8,1747,105,2013,110000000,71017784,277529739,PG,Adventure,Kids Fiction,Movie,Raja Gosnell,"Neil Patrick Harris, Brendan Gleeson, Jayma Mays, Hank Azaria, Katy Perry, Christina Ricci, Jonathan Winters, J.B. Smoove, George Lopez, Anton Yelchin, Fred Armisen, Jacob Tremblay, Alan Cumming","United States, France, Canada, Belgium","Children & Family Movies, Comedies",2013
Silver Linings Playbook,2012-09-08,7.1,10099,122,2012,21000000,132092958,104319495,R,Drama,Contemporary Fiction,Movie,David O. Russell,"Bradley Cooper, Jennifer Lawrence, Robert De Niro, Jacki Weaver, Chris Tucker, Anupam Kher, John Ortiz, Shea Whigham, Julia Stiles, Paul Herman",United States,"Comedies, Dramas, Independent Movies",2012
Cloverfield,2008-01-15,6.6,5568,85,2008,25000000,80048433,91253793,PG-13,Action,Science Fiction,Movie,Matt Reeves,"Lizzy Caplan, Jessica Lucas, T.J. Miller, Michael Stahl-David, Mike Vogel, Odette Annable, Anjul Nigam, Margot Farley, Theo Rossi, Brian Klugman",United States,"Action & Adventure, Horror Movies, Sci-Fi & Fantasy",2008
The Pursuit of Happyness,2006-12-14,7.9,7797,117,2006,55000000,162586036,144725057,PG-13,Drama,Dramatization,Movie,Gabriele Muccino,"Will Smith, Jaden Smith, Thandie Newton, Brian Howe, James Karen, Dan Castellaneta, Kurt Fuller, Takayo Fischer",United States,Dramas,2006
The Interview,2014-12-25,6.2,4712,112,2014,44000000,6105175,6237457,R,Comedy,Contemporary Fiction,Movie,"Evan Goldberg, Seth Rogen","James Franco, Seth Rogen, Lizzy Caplan, Randall Park, Diana Bang, Timothy Simons, Reese Alexander, James Yi",United States,"Action & Adventure, Comedies",2014
The Smurfs,2011-07-29,5.8,3007,103,2011,110000000,142614158,421135165,PG,Adventure,Kids Fiction,Movie,Raja Gosnell,"Hank Azaria, Neil Patrick Harris, Jayma Mays, Sofía Vergara, Tim Gunn, Jonathan Winters, Katy Perry, Alan Cumming, Fred Armisen, George Lopez, Anton Yelchin, Kenan Thompson, Jeff Foxworthy, John Oliver, Wolfgang Puck, B.J. Novak, Paul Reubens","United States, Belgium, Canada, France","Children & Family Movies, Comedies",2011
The Adventures of Tintin,2011-10-24,6.8,4350,107,2011,130000000,77591831,296402120,PG,Adventure,Contemporary Fiction,Movie,Steven Spielberg,"Jamie Bell, Andy Serkis, Daniel Craig, Nick Frost, Simon Pegg, Daniel Mays, Gad Elmaleh, Toby Jones, Joe Starr","United States, New Zealand, United Kingdom",Children & Family Movies,2011
Nacho Libre,2006-06-16,6.2,1144,92,2006,32000000,80197993,19098469,PG,Comedy,Contemporary Fiction,Movie,Jared Hess,"Jack Black, Ana de la Reguera, Héctor Jiménez, Darius Rose, Moises Arias, Diego Eduardo Gomez, Carlos Maycotte, Richard Montoya, Cesar Gonzalez, Rafael Montalvo","United States, Mexico","Comedies, Sports Movies",2006
Superman Returns,2006-06-28,5.7,3255,154,2006,232000000,200120000,173965065,PG-13,Adventure,Super Hero,Movie,Bryan Singer,"Brandon Routh, Kate Bosworth, Kevin Spacey, James Marsden, Parker Posey, Frank Langella, Sam Huntington, Eva Marie Saint, Marlon Brando, Kal Penn",United States,"Action & Adventure, Sci-Fi & Fantasy",2006
Peppermint,2018-09-06,6.7,1562,102,2018,25000000,35418723,16393677,R,Action,Contemporary Fiction,Movie,Pierre Morel,"Jennifer Garner, John Ortiz, John Gallagher Jr., Juan Pablo Raba, Annie Ilonzeh, Jeff Hephner, Pell James, Method Man, Cailey Fleming, Tyson Ritter","Hong Kong, United States",Action & Adventure,2018
Hell or High Water,2016-08-12,7.3,3502,102,2016,12000000,27007844,10576460,R,Western,Contemporary Fiction,Movie,David Mackenzie,"Jeff Bridges, Chris Pine, Ben Foster, Gil Birmingham, Marin Ireland, Katy Mixon, Dale Dickey, Kevin Rankin, William Sterchi",United States,"Dramas, Independent Movies",2016
Spy Kids: All the Time in the World,2011-08-18,4.8,752,89,2011,27000000,38536376,42144807,PG,Adventure,Kids Fiction,Movie,Robert Rodriguez,"Jessica Alba, Joel McHale, Rowan Blanchard, Mason Cook, Jeremy Piven, Alexa PenaVega, Daryl Sabara, Ricky Gervais, Danny Trejo",United States,"Children & Family Movies, Comedies",2011
Cats & Dogs: The Revenge of Kitty Galore,2010-07-28,5.2,475,82,2010,85000000,43585753,69440630,PG,Adventure,Kids Fiction,Movie,Brad Peyton,"James Marsden, Nick Nolte, Christina Applegate, Katt Williams, Bette Midler, Neil Patrick Harris, Sean Hayes, Wallace Shawn, Roger Moore, Joe Pantoliano, Michael Clarke Duncan, Chris O'Donnell, Jack McBrayer, Kiernan Shipka","United States, Australia","Children & Family Movies, Comedies",2010
Brick Mansions,2014-04-22,5.9,1243,90,2014,28000000,20396829,53024395,PG-13,Action,Science Fiction,Movie,Camille Delamarre,"Paul Walker, David Belle, RZA, Gouchy Boy, Catalina Denis, Ayisha Issa, Carlo Rota, Andreas Apergis, Richard Zeman, Robert Maillet","France, Canada, United States, Spain","Action & Adventure, International Movies",2014
Sinister 2,2015-08-19,5.8,1661,97,2015,10000000,27740955,26363270,R,Horror,Fantasy,Movie,Ciarán Foy,"Shannyn Sossamon, John Beasley, James Ransone, Tate Ellington, Robert Daniel Sloan, Dartanian Sloan, Lucas Jade Zumann, Lea Coco","United States, United Kingdom",Horror Movies,2015
Sabotage,2014-03-28,5.6,1110,110,2014,35000000,10508518,7867925,R,Action,Contemporary Fiction,Movie,David Ayer,"Arnold Schwarzenegger, Sam Worthington, Olivia Williams, Terrence Howard, Joe Manganiello, Josh Holloway, Mireille Enos, Harold Perrineau, Martin Donovan, Max Martini, Mark Schlegel, Kevin Vance",United States,"Action & Adventure, Dramas",2014
About Time,2013-09-04,7.9,6521,123,2013,12000000,15323921,73985257,R,Romantic Comedy,Science Fiction,Movie,Richard Curtis,"Domhnall Gleeson, Rachel McAdams, Bill Nighy, Lydia Wilson, Lindsay Duncan, Richard Cordery, Tom Hollander, Margot Robbie, Joshua McGuire, Vanessa Kirby",United Kingdom,"Comedies, Dramas, International Movies",2013
The Founder,2016-09-13,7.1,3718,115,2016,15000000,12786053,11617139,PG-13,Drama,Dramatization,Movie,John Lee Hancock,"Laura Dern, B.J. Novak, Patrick Wilson, John Carroll Lynch, Ric Reitz, John Carroll, Nick Offerman, Michael Keaton, Wilbur Fitzgerald, Linda Cardellini","United States, Greece",Dramas,2016
The Nutcracker and the Four Realms,2018-10-26,6.1,1759,99,2018,132900000,54858851,115435048,PG,Adventure,Fantasy,Movie,"Lasse Hallström, Joe Johnston","Mackenzie Foy, Keira Knightley, Helen Mirren, Morgan Freeman, Matthew Macfadyen, Eugenio Derbez, Miranda Hart, Jack Whitehall, Ellie Bamber, Richard E. Grant, Omid Djalili, Tom Sweet, Misty Copeland, Sergei Polunin, Meera Syal",United States,Children & Family Movies,2018
Sex Drive,2008-10-16,6.3,979,109,2008,19000000,8402485,2010000,R,Comedy,Contemporary Fiction,Movie,Sean Anders,"Josh Zuckerman, Amanda Crew, Clark Duke, Seth Green, James Marsden, Michael Cudlitz, Dave Sheridan, Alice Greczyn, Katrina Bowden, Charlie McDermott, Mark L. Young",United States,Comedies,2008
Puss in Boots,2011-10-28,6.4,2397,90,2011,130000000,149260504,405726973,PG,Adventure,Kids Fiction,Movie,Chris Miller,"Antonio Banderas, Salma Hayek, Zach Galifianakis, Billy Bob Thornton, Amy Sedaris, Constance Marie, Guillermo del Toro, Mike Mitchell",United States,"Children & Family Movies, Comedies",2011
Room,2015-10-16,8.1,7606,118,2015,13000000,14677674,21585109,R,Drama,Contemporary Fiction,Movie,Lenny Abrahamson,"Brie Larson, Jacob Tremblay, Joan Allen, Sean Bridgers, Tom McCamus, William H. Macy, Cas Anvar, Amanda Brugel, Wendy Crewson, Sandy McMaster","Ireland, Canada, United Kingdom, United States","Dramas, Independent Movies",2015
The Book of Eli,2010-01-11,6.8,4834,118,2010,80000000,94835059,63915758,R,Action,Science Fiction,Movie,"Albert Hughes, Allen Hughes","Denzel Washington, Gary Oldman, Mila Kunis, Ray Stevenson, Jennifer Beals, Evan Jones, Joe Pingue, Frances de la Tour, Michael Gambon, Tom Waits",United States,"Action & Adventure, Sci-Fi & Fantasy",2010
Mad Money,2008-01-17,6.4,500,104,2008,22000000,20668843,4375214,PG-13,Comedy,Contemporary Fiction,Movie,"Callie Khouri, Jesse V. Johnson","Diane Keaton, Queen Latifah, Katie Holmes, Ted Danson, Roger Cross, Adam Rothenberg, Stephen Root, Christopher McDonald, Meagen Fay, J.C. MacKenzie, Finesse Mitchell, Eric Keenleyside",United States,Comedies,2008
Her,2013-12-18,7.9,11492,126,2013,23000000,25568251,22690780,R,Drama,Science Fiction,Movie,Spike Jonze,"Joaquin Phoenix, Scarlett Johansson, Amy Adams, Rooney Mara, Olivia Wilde, Chris Pratt, Matt Letscher, Portia Doubleday",United States,"Dramas, Romantic Movies, Sci-Fi & Fantasy",2013
Hugo,2011-11-22,7.2,5844,126,2011,180000000,73864507,106183277,PG,Adventure,Fantasy,Movie,Martin Scorsese,"Ben Kingsley, Sacha Baron Cohen, Asa Butterfield, Chloë Grace Moretz, Ray Winstone, Emily Mortimer, Christopher Lee, Helen McCrory, Michael Stuhlbarg, Frances de la Tour, Jude Law, Johnny Depp, Edmund Kingsley, Richard Griffiths, Angus Barnett, Michael Pitt, Gulliver McGrath, Eric Moreau, Chloe Grace Moretz","United Kingdom, United States, France","Children & Family Movies, Dramas",2011
Rush,2013-09-02,7.7,5588,123,2013,38000000,26947624,71283215,R,Drama,Dramatization,Movie,Ron Howard,"Chris Hemsworth, Daniel Brühl, Olivia Wilde, Alexandra Maria Lara, Pierfrancesco Favino, David Calder, Natalie Dormer, Stephen Mangan, Christian McKay, Alistair Petrie","United Kingdom, Germany, United States","Action & Adventure, Dramas, International Movies",2013
Haywire,2011-11-01,5.7,1051,93,2011,23000000,18942396,17432304,R,Thriller/Suspense,Contemporary Fiction,Movie,Steven Soderbergh,"Gina Carano, Michael Fassbender, Ewan McGregor, Bill Paxton, Channing Tatum, Antonio Banderas, Mathieu Kassovitz, Michael Angarano, Michael Douglas, Anthony Brandon Wong","Ireland, United States",Action & Adventure,2011
The Departed,2006-10-05,8.2,11729,151,2006,90000000,132384315,157276304,R,Drama,Contemporary Fiction,Movie,Martin Scorsese,"Leonardo DiCaprio, Matt Damon, Jack Nicholson, Mark Wahlberg, Martin Sheen, Ray Winstone, Vera Farmiga, Anthony Anderson, Alec Baldwin, Kevin Corrigan","United States, Hong Kong","Dramas, Thrillers",2006
Arthur Christmas,2011-11-10,6.7,1046,97,2011,85000000,46462469,103254655,PG,Adventure,Kids Fiction,Movie,Sarah Smith,"James McAvoy, Hugh Laurie, Bill Nighy, Jim Broadbent, Imelda Staunton, Ashley Jensen, Ramona Marquez, Marc Wootton, Laura Linney, Eva Longoria, Michael Palin, Joan Cusack, Deborah Findlay, Rich Fulcher, Sarah Smith, Clint Dyer, Kerry Shale, Stewart Lee, Bronagh Gallagher, Kevin Cecil, Alistair McGowan, David Menkin, Kris Pearn, Ian Ashpitel, Rich Hall, Seeta Indrani, Jane Horrocks, Peter Baynham, Emma Kennedy, Dominic West, Jerry Lambert, Julia Davis, Robbie Coltrane, Iain McKee, Sanjeev Bhaskar, Andy Serkis, Tamsin Greig, Rhys Darby, Seamus Malone, Cody Cameron, David Schneider, Kevin Eldon, Danny John-Jules, Brian Cummings","United Kingdom, United States","Children & Family Movies, Comedies",2011
Miss Sloane,2016-11-25,7.5,1366,132,2016,18000000,3500605,4219025,R,Drama,Contemporary Fiction,Movie,John Madden,"Jessica Chastain, Mark Strong, Gugu Mbatha-Raw, Michael Stuhlbarg, Raoul Bhaneja, John Lithgow, Sam Waterston, Chuck Shamata, Jake Lacy, Alison Pill, David Wilson Barnes","France, United States, United Kingdom, Canada",Thrillers,2016
The Spiderwick Chronicles,2008-02-14,6.6,2043,95,2008,92500000,71195053,91644614,PG,Adventure,Fantasy,Movie,Mark Waters,"Freddie Highmore, Mary-Louise Parker, Sarah Bolger, Joan Plowright, David Strathairn, Nick Nolte, Seth Rogen, Andrew McCarthy, Martin Short",United States,Children & Family Movies,2008
Zodiac,2007-03-02,7.5,7773,157,2007,85000000,33080084,50000000,R,Thriller/Suspense,Dramatization,Movie,David Fincher,"Mark Ruffalo, Jake Gyllenhaal, Robert Downey Jr., Anthony Edwards, Brian Cox, Elias Koteas, Donal Logue, John Carroll Lynch, Dermot Mulroney, Chloë Sevigny",United States,"Cult Movies, Dramas, Thrillers",2007
Click,2006-06-23,6.2,5584,107,2006,82500000,137355633,100329456,PG-13,Comedy,Fantasy,Movie,Frank Coraci,"Adam Sandler, Kate Beckinsale, Christopher Walken, David Hasselhoff, Henry Winkler, Julie Kavner, Sean Astin, Joseph Castanon, Jonah Hill, Jake Hoffman, Jennifer Coolidge",United States,"Comedies, Sci-Fi & Fantasy",2006
The November Man,2014-08-27,6.1,1197,108,2014,15000000,25018119,9802216,R,Thriller/Suspense,Contemporary Fiction,Movie,Roger Donaldson,"Pierce Brosnan, Luke Bracey, Olga Kurylenko, Eliza Taylor, Caterina Scorsone, Bill Smitrovich, Will Patton, Amila Terzimehic, Lazar Ristovski, Mediha Musliovic","United States, United Kingdom",Action & Adventure,2014
Crimson Peak,2015-10-13,6.6,4075,119,2015,55000000,31090320,43876534,R,Horror,Contemporary Fiction,Movie,Guillermo del Toro,"Mia Wasikowska, Jessica Chastain, Tom Hiddleston, Charlie Hunnam, Jim Beaver, Burn Gorman, Leslie Hope, Doug Jones, Jonathan Hyde, Bruce Gray","Canada, United States, Mexico","Horror Movies, Romantic Movies, Sci-Fi & Fantasy",2015
Mile 22,2018-08-16,6.2,1715,95,2018,35000000,36108758,30186363,R,Action,Contemporary Fiction,Movie,Peter Berg,"Mark Wahlberg, Lauren Cohan, Iko Uwais, John Malkovich, Ronda Rousey, Carlo Alban, Sam Medina, Terry Kinney, Nikolai Nikolaeff, Natasha Goubskaya","United States, China, Colombia",Action & Adventure,2018
Open Season,2006-09-29,6.1,2077,86,2006,85000000,85105259,106826899,PG,Adventure,Kids Fiction,Movie,"Roger Allers, Jill Culton","Martin Lawrence, Ashton Kutcher, Gary Sinise, Debra Messing, Billy Connolly, Georgia Engel, Jon Favreau, Jane Krakowski, Gordon Tootoosis, Patrick Warburton",United States,"Children & Family Movies, Comedies",2006
Planet 51,2009-11-19,5.8,1587,91,2009,60000000,42194060,66802053,PG,Adventure,Science Fiction,Movie,Jorge Blanco,"Justin Long, Dwayne Johnson, Gary Oldman, Seann William Scott, Jessica Biel, John Cleese, Freddie Benedict","Spain, United Kingdom, United States","Children & Family Movies, Comedies, Sci-Fi & Fantasy",2009
The Social Network,2010-10-01,7.3,9387,121,2010,40000000,96962694,127959441,PG-13,Drama,Dramatization,Movie,David Fincher,"Jesse Eisenberg, Andrew Garfield, Justin Timberlake, Armie Hammer, Max Minghella, Josh Pence, Brenda Song, Rashida Jones, John Getz, David Selby",United States,Dramas,2010
Indiana Jones and the Kingdom of the Crystal Skull,2008-05-21,6,6377,122,2008,185000000,317101119,469534294,PG-13,Adventure,Historical Fiction,Movie,Steven Spielberg,"Harrison Ford, Cate Blanchett, Karen Allen, Ray Winstone, John Hurt, Jim Broadbent, Igor Jijikine, Shia LaBeouf",United States,"Action & Adventure, Children & Family Movies, Sci-Fi & Fantasy",2008
The Muppets,2011-11-22,6.7,1224,103,2011,45000000,88625922,72346000,PG,Adventure,Kids Fiction,Movie,James Bobin,"Jason Segel, Amy Adams, Chris Cooper, Rashida Jones, Kermit the Frog, Miss Piggy, Fozzie Bear, Gonzo, Muppets, Steve Whitmire, Eric Jacobson, Dave Goelz, Bill Barretta, David Rudman, Matt Vogel, Peter Linz",United States,"Children & Family Movies, Comedies",2011
A Monster Calls,2016-01-01,7.2,2665,108,2016,43000000,3740823,42673707,PG-13,Drama,Fantasy,Movie,J.A. Bayona,"Lewis MacDougall, Sigourney Weaver, Felicity Jones, Liam Neeson, Toby Kebbell, Ben Moor, James Melville, Oliver Steer, Dominic Boyle, Geraldine Chaplin, Jennifer Lim","United Kingdom, Spain, United States","Dramas, Sci-Fi & Fantasy",2016
Step Brothers,2008-07-25,6.6,2410,98,2008,65000000,100468793,28000000,R,Comedy,Contemporary Fiction,Movie,Adam McKay,"Will Ferrell, John C. Reilly, Mary Steenburgen, Richard Jenkins, Adam Scott, Kathryn Hahn, Andrea Savage, Lurie Poston, Elizabeth Yozamp, Logan Manus, Rob Riggle",United States,Comedies,2008
16 Blocks,2006-03-01,6.4,1498,102,2006,45000000,36895141,28700000,PG-13,Action,Contemporary Fiction,Movie,Richard Donner,"Bruce Willis, Mos Def, David Morse, Jenna Stern, Cylk Cozart, Casey Sander, David Zayas, Robert Racki, Patrick Garrow, Sasha Roiz","United States, Germany",Action & Adventure,2006
The Forbidden Kingdom,2008-04-18,6.6,1254,104,2008,55000000,52075270,77000000,PG-13,Action,Fantasy,Movie,Rob Minkoff,"Jackie Chan, Jet Li, Collin Chou, Liu Yifei, Li Bingbing, Michael Angarano, Morgan Benoit, Juana Collignon, Wang Deshun, Thomas McDonell","United States, China","Action & Adventure, Sci-Fi & Fantasy",2008
The Master,2012-09-07,7.2,2244,137,2012,37500000,16247159,34400257,R,Drama,Historical Fiction,Movie,Paul Thomas Anderson,"Joaquin Phoenix, Philip Seymour Hoffman, Amy Adams, Laura Dern, Kevin J. O'Connor, Jesse Plemons, Rami Malek, Christopher Evan Welch, Madisen Beaty, Ambyr Childers, Price Carson",United States,"Dramas, Independent Movies",2012
A Most Violent Year,2014-12-30,6.6,1112,125,2014,20000000,5749134,3097741,R,Drama,Historical Fiction,Movie,J.C. Chandor,"Oscar Isaac, Jessica Chastain, David Oyelowo, Albert Brooks, Elyes Gabel, Catalina Sandino Moreno, Christopher Abbott, Peter Gerety, Alessandro Nivola","United Arab Emirates, United States","Dramas, Thrillers",2014
American Ultra,2015-08-19,6.1,2315,96,2015,28000000,14439985,15855043,R,Black Comedy,Contemporary Fiction,Movie,Nima Nourizadeh,"Jesse Eisenberg, Kristen Stewart, Topher Grace, Connie Britton, Walton Goggins, John Leguizamo, Bill Pullman, Tony Hale, Lavell Crawford, Stuart Greer","United States, Switzerland","Action & Adventure, Comedies",2015
My Sister's Keeper,2009-06-26,7.4,1662,109,2009,27500000,49200230,47472772,PG-13,Drama,Contemporary Fiction,Movie,Nick Cassavetes,"Cameron Diaz, Abigail Breslin, Alec Baldwin, Jason Patric, Sofia Vassilieva, Joan Cusack, Heather Wahlquist, Thomas Dekker, Evan Ellingson, David Thornton",United States,Dramas,2009
The Hateful Eight,2015-12-25,7.7,11519,188,2015,62000000,54117416,93747470,R,Western,Historical Fiction,Movie,Quentin Tarantino,"Samuel L. Jackson, Kurt Russell, Jennifer Jason Leigh, Walton Goggins, Demián Bichir, Tim Roth, Michael Madsen, Bruce Dern, James Parks, Dana Gourrier, Channing Tatum, Zoë Bell",United States,"Action & Adventure, Thrillers",2015
Gran Torino,2008-12-09,8,8526,116,2008,25000000,148095302,126447783,R,Drama,Contemporary Fiction,Movie,Clint Eastwood,"Clint Eastwood, Bee Vang, Ahney Her, Christopher Carley, John Carroll Lynch, Brian Haley, Geraldine Hughes, Brian Howe, William Hill, Dreama Walker","Germany, United States",Dramas,2008
The Foreigner,2017-09-28,6.8,1817,113,2017,35000000,34393507,106389853,R,Action,Contemporary Fiction,Movie,Martin Campbell,"Pierce Brosnan, Katie Leung, Manolo Cardona, Charlie Murphy, Pippa Bennett-Warner, Rufus Jones, Dermot Crowley, Jackie Chan, Simon Kunz, Rory Fleck Byrne, Liu Tao, Michael McElhatton, Orla Brady, David Pearse","United Kingdom, China, United States, India","Action & Adventure, International Movies",2017
Mary Poppins Returns,2018-12-13,6.5,2694,131,2018,130000000,171282866,175400000,PG,Musical,Kids Fiction,Movie,Rob Marshall,"Emily Blunt, Lin-Manuel Miranda, Ben Whishaw, Emily Mortimer, Pixie Davies, Nathanael Saleh, Joel Dawson, Julie Walters, Meryl Streep, Colin Firth, Dick Van Dyke","United States, United Kingdom","Children & Family Movies, Music & Musicals",2018
The Theory of Everything,2014-11-26,7.9,8938,123,2014,15000000,35893537,87434155,PG-13,Drama,Dramatization,Movie,James Marsh,"Emily Watson, Charlie Cox, Felicity Jones, Maxine Peake, Harry Lloyd, Eddie Redmayne, David Thewlis, Simon McBurney","United Kingdom, Japan","Dramas, Romantic Movies",2014
Eat Pray Love,2010-08-12,6.2,1923,133,2010,60000000,80574010,126024779,PG-13,Drama,Contemporary Fiction,Movie,Ryan Murphy,"Julia Roberts, James Franco, Javier Bardem, Richard Jenkins, Viola Davis, Billy Crudup, Hadi Subiyanto, Mike O'Malley, Tuva Novotny, Luca Argentero",United States,"Dramas, Romantic Movies",2010
Nocturnal Animals,2016-11-04,7.5,6121,116,2016,22500000,10663357,21735324,R,Thriller/Suspense,Contemporary Fiction,Movie,Tom Ford,"Amy Adams, Jake Gyllenhaal, Michael Shannon, Aaron Taylor-Johnson, Isla Fisher, Ellie Bamber, Armie Hammer, Karl Glusman, Laura Linney, Michael Sheen, Andrea Riseborough",United States,"Dramas, Thrillers",2016
Evan Almighty,2007-06-09,5.5,3409,96,2007,175000000,100289690,73841639,PG,Comedy,Fantasy,Movie,Tom Shadyac,"Steve Carell, John Goodman, Molly Shannon, Lauren Graham, Graham Phillips, Johnny Simmons, Morgan Freeman, Wanda Sykes, John Michael Higgins, Jonah Hill, Jimmy Bennett",United States,"Children & Family Movies, Comedies, Faith & Spirituality",2007
The Little Prince,2015-07-29,7.6,2250,108,2015,77500000,1311213,100717706,PG,Adventure,Kids Fiction,Movie,Mark Osborne,"Jeff Bridges, Mackenzie Foy, Rachel McAdams, Riley Osborne, Marion Cotillard, Bud Cort, Ricky Gervais, Albert Brooks, James Franco, Benicio Del Toro, Paul Rudd, Paul Giamatti","France, Canada, Italy, United States, China",Children & Family Movies,2015
The Girl with the Dragon Tattoo,2011-12-14,7.4,5495,158,2011,90000000,102515793,136858177,R,Thriller/Suspense,Contemporary Fiction,Movie,David Fincher,"Daniel Craig, Rooney Mara, Christopher Plummer, Stellan Skarsgård, Steven Berkoff, Robin Wright, Yorick van Wageningen, Joely Richardson, Geraldine James, Goran Visnjic","United States, Sweden, Norway","Dramas, Thrillers",2011
Dinner for Schmucks,2010-07-30,5.6,1379,114,2010,69000000,73026337,13770165,PG-13,Comedy,Contemporary Fiction,Movie,Jay Roach,"Steve Carell, Paul Rudd, Zach Galifianakis, Jemaine Clement, Jeff Dunham, Bruce Greenwood, Ron Livingston, Chris O'Dowd, Lucy Punch, Stephanie Szostak, David Walliams, Larry Wilmore",United States,Comedies,2010
Young Adult,2011-11-11,5.7,956,94,2011,12000000,16311571,6438785,R,Comedy,Contemporary Fiction,Movie,Jason Reitman,"Charlize Theron, Patton Oswalt, Patrick Wilson, Elizabeth Reaser, Jill Eikenberry, Mary Beth Hurt, Collette Wolfe, Richard Bekins, Kate Nowlin",United States,"Comedies, Dramas, Independent Movies",2011
The Da Vinci Code,2006-05-17,6.7,7474,149,2006,125000000,217536138,550284321,PG-13,Thriller/Suspense,Contemporary Fiction,Movie,Ron Howard,"Tom Hanks, Audrey Tautou, Ian McKellen, Jean Reno, Paul Bettany, Alfred Molina, Jürgen Prochnow, Jean-Yves Berteloot, Etienne Chicot, Jean-Pierre Marielle","United States, Malta, France, United Kingdom",Thrillers,2006
Christopher Robin,2018-08-02,7.4,2158,104,2018,75000000,99215042,98289716,PG,Adventure,Kids Fiction,Movie,Marc Forster,"Ewan McGregor, Hayley Atwell, Bronte Carmichael, Mark Gatiss, Jim Cummings, Brad Garrett, Nick Mohammed, Peter Capaldi",United States,"Children & Family Movies, Comedies, Dramas",2018
Poseidon,2006-05-10,5.8,1625,98,2006,160000000,60674817,121000000,PG-13,Adventure,Contemporary Fiction,Movie,Wolfgang Petersen,"Josh Lucas, Kurt Russell, Jacinda Barrett, Richard Dreyfuss, Emmy Rossum, Mía Maestro, Mike Vogel, Kevin Dillon, Freddy Rodríguez",United States,"Action & Adventure, Dramas",2006
A Bad Moms Christmas,2017-08-04,6.3,1648,104,2017,28000000,72110659,55599891,R,Comedy,Contemporary Fiction,Movie,"Jon Lucas, Scott Moore","Mila Kunis, Kristen Bell, Kathryn Hahn, Susan Sarandon, Christine Baranski, Jay Hernandez, Cheryl Hines, Peter Gallagher, Justin Hartley","United States, China",Comedies,2017
Flipped,2010-08-06,7.8,1871,89,2010,14000000,1755212,2534781,PG,Romantic Comedy,Historical Fiction,Movie,Rob Reiner,"Madeline Carroll, Callan McAuliffe, Rebecca De Mornay, Anthony Edwards, John Mahoney, Penelope Ann Miller, Aidan Quinn, Kevin Weisman, Morgan Lily, Ryan Ketzner",United States,"Comedies, Dramas, Romantic Movies",2010
P.S. I Love You,2007-11-15,7.2,2792,126,2007,30000000,53695808,102073870,PG-13,Romantic Comedy,Contemporary Fiction,Movie,Richard LaGravenese,"Hilary Swank, Gerard Butler, Lisa Kudrow, Gina Gershon, James Marsters, Kathy Bates, Harry Connick Jr., Nellie McKay, Jeffrey Dean Morgan, Dean Winters",United States,"Dramas, Romantic Movies",2007
The Frozen Ground,2013-07-11,6.3,1135,105,2013,19200000,0,5617460,R,Thriller/Suspense,Contemporary Fiction,Movie,Scott Walker,"Nicolas Cage, John Cusack, Vanessa Hudgens, Dean Norris, Radha Mitchell, 50 Cent, Kevin Dunn, Olga Valentina, Michael McGrady, Jodi Lyn O'Keefe",United States,"Dramas, Thrillers",2013
G-Force,2009-07-21,5.4,1413,88,2009,150000000,119436770,173381071,PG,Adventure,Kids Fiction,Movie,Hoyt Yeatman,"Bill Nighy, Will Arnett, Zach Galifianakis, Kelli Garner, Tyler Patrick Jones, Piper Mackenzie Harris, Gabriel Casseus, Jack Conley, Niecy Nash, Justin Mentell, Nicolas Cage, Sam Rockwell, Jon Favreau, Penélope Cruz, Steve Buscemi, Tracy Morgan",United States,"Children & Family Movies, Comedies",2009
The Bounty Hunter,2010-03-16,5.9,2285,110,2010,45000000,67061228,68747609,PG-13,Romantic Comedy,Contemporary Fiction,Movie,Andy Tennant,"Jennifer Aniston, Gerard Butler, Jason Sudeikis, Jeff Garlin, Ritchie Coster, Cathy Moriarty, Peter Greene, Joel Marsh Garland, Siobhan Fallon Hogan, Dorian Missick, Adam Rose, Christine Baranski, Carol Kane, Adam LeFevre",United States,"Action & Adventure, Comedies, Romantic Movies",2010
Machete Kills,2013-09-12,5.6,1499,107,2013,20000000,8008161,10264848,R,Action,Contemporary Fiction,Movie,Robert Rodriguez,"Danny Trejo, Sofía Vergara, Charlie Sheen, Michelle Rodriguez, Demián Bichir, Amber Heard, Mel Gibson, William Sadler, Alexa PenaVega, Antonio Banderas, Lady Gaga, Cuba Gooding Jr., Jessica Alba, Walton Goggins, Vanessa Hudgens","United States, Russia",Action & Adventure,2013
Blue Jasmine,2013-08-01,7,2825,99,2013,18000000,33404871,69508090,PG-13,Comedy,Contemporary Fiction,Movie,Woody Allen,"Cate Blanchett, Sally Hawkins, Alec Baldwin, Louis C.K., Bobby Cannavale, Andrew Dice Clay, Peter Sarsgaard, Michael Stuhlbarg, Tammy Blanchard, Max Casella, Alden Ehrenreich",United States,"Comedies, Dramas, Independent Movies",2013
Beowulf,2007-11-05,5.8,2196,115,2007,150000000,82280579,112800000,PG-13,Adventure,Fantasy,Movie,Robert Zemeckis,"Ray Winstone, Anthony Hopkins, John Malkovich, Angelina Jolie, Robin Wright, Brendan Gleeson, Crispin Glover, Alison Lohman, Sharisse Baker-Bernard","United States, United Kingdom","Action & Adventure, Sci-Fi & Fantasy",2007
Turbo,2013-07-11,6.2,2532,96,2013,135000000,83028130,203868448,PG,Adventure,Kids Fiction,Movie,David Soren,"Ben Schwartz, Bill Hader, Luis Guzmán, Snoop Dogg, Paul Giamatti, Ryan Reynolds, Maya Rudolph, Ken Jeong, Samuel L. Jackson, Michael Peña, Michelle Rodriguez, Richard Jenkins, Kurtwood Smith, Luis Guzman",United States,"Children & Family Movies, Comedies",2013
She's Out of My League,2010-03-11,6.4,1581,104,2010,20000000,32010860,16670117,R,Romantic Comedy,Contemporary Fiction,Movie,Jim Field Smith,"Jay Baruchel, Alice Eve, T.J. Miller, Mike Vogel, Nate Torrence, Krysten Ritter, Geoff Stults, Lindsay Sloane, Andrew Daly, Jasika Nicole, Kyle Bornheimer",United States,"Comedies, Romantic Movies",2010
Seven Pounds,2008-12-18,7.6,5530,123,2008,54000000,69951824,96665504,PG-13,Drama,Contemporary Fiction,Movie,Gabriele Muccino,"Will Smith, Rosario Dawson, Woody Harrelson, Michael Ealy, Barry Pepper, Elpidia Carrillo, Robinne Lee, Joe Nunez, Bill Smitrovich, Tim Kelleher, Gina Hecht, Andy Milder, Judyann Elder, Sarah Jane Morris",United States,"Dramas, Romantic Movies",2008
Saving Mr. Banks,2013-11-16,7.4,2760,125,2013,35000000,83299761,31662764,PG-13,Drama,Dramatization,Movie,John Lee Hancock,"Emma Thompson, Tom Hanks, Paul Giamatti, Jason Schwartzman, Colin Farrell, Bradley Whitford, Annie Buckley, Ruth Wilson, B.J. Novak, Rachel Griffiths, Kathy Baker, Melanie Paxson, Andy McPhee, Jerry Hauck, Mia Serafino, Michelle Arthur, Demetrius Grosse, Steven Cabral, David Ross Paterson, Ronan Vibert, Luke Baines, Dendrie Taylor, Laura Waddell, Paul Tassone","United States, United Kingdom, Australia","Comedies, Dramas",2013
Vantage Point,2008-02-01,6.4,1594,90,2008,40000000,72266306,78620023,PG-13,Thriller/Suspense,Contemporary Fiction,Movie,Pete Travis,"Dennis Quaid, Matthew Fox, Forest Whitaker, Bruce McGill, Edgar Ramírez, Saïd Taghmaoui, Ayelet Zurer, Zoe Saldana, Sigourney Weaver, William Hurt",United States,Action & Adventure,2008
Stardust,2007-08-09,7.2,3153,127,2007,70000000,38634938,98387307,PG-13,Adventure,Fantasy,Movie,Matthew Vaughn,"Claire Danes, Michelle Pfeiffer, Robert De Niro, Charlie Cox, Sienna Miller, Ricky Gervais, Jason Flemyng, Rupert Everett, Peter O'Toole, Mark Strong, Kate Magowan, Ian McKellen","United Kingdom, United States","Action & Adventure, International Movies, Romantic Movies",2007
Harold & Kumar Escape from Guantanamo Bay,2008-04-25,6.3,1101,107,2008,12000000,38108728,5244389,R,Comedy,Contemporary Fiction,Movie,"Jon Hurwitz, Hayden Schlossberg","John Cho, Kal Penn, Rob Corddry, Jack Conley, Roger Bart, Neil Patrick Harris, Danneel Ackles, Eric Winter, Paula Garcés, Jon Reep, Missi Pyle",United States,"Comedies, Cult Movies",2008
Get Smart,2008-06-19,6.2,2774,110,2008,80000000,130319208,96420208,PG-13,Comedy,Contemporary Fiction,Movie,Peter Segal,"Steve Carell, Anne Hathaway, Dwayne Johnson, Alan Arkin, Terence Stamp, Terry Crews, David Koechner, James Caan, Masi Oka, Nate Torrence, Bill Murray",United States,"Action & Adventure, Comedies",2008
Pineapple Express,2008-08-06,6.6,2898,111,2008,26000000,87341380,15062639,R,Comedy,Contemporary Fiction,Movie,David Gordon Green,"Seth Rogen, James Franco, Danny McBride, Kevin Corrigan, Craig Robinson, Gary Cole, Rosie Perez, Ed Begley Jr., Nora Dunn, Amber Heard",United States,"Action & Adventure, Comedies",2008
Ocean's Thirteen,2007-06-06,6.7,5032,122,2007,85000000,117144465,194600000,PG-13,Adventure,Contemporary Fiction,Movie,Steven Soderbergh,"George Clooney, Brad Pitt, Matt Damon, Andy Garcia, Don Cheadle, Bernie Mac, Ellen Barkin, Al Pacino, Casey Affleck, Scott Caan",United States,"Action & Adventure, Comedies",2007
Surf's Up,2007-06-08,6.3,1856,85,2007,100000000,58867694,86528051,PG,Adventure,Kids Fiction,Movie,"Ash Brannon, Chris Buck","Shia LaBeouf, Jeff Bridges, Zooey Deschanel, Jon Heder, James Woods, Diedrich Bader, Mario Cantone, Kelly Slater, Rob Machado, Sal Masekela","United States, Canada","Children & Family Movies, Comedies, Sports Movies",2007
Invictus,2009-12-10,7.2,3296,134,2009,60000000,37491364,87022647,PG-13,Drama,Dramatization,Movie,Clint Eastwood,"Morgan Freeman, Matt Damon, Tony Kgoroge, Patrick Mofokeng, Matt Stern, Julian Lewis Jones, Adjoa Andoh, Marguerite Wheatley, Leleti Khumalo, Patrick Lyster, Penny Downie",United States,"Dramas, Sports Movies",2009
I Don't Know How She Does It,2011-09-16,5.2,312,89,2011,24000000,9659074,14815389,PG-13,Comedy,Contemporary Fiction,Movie,Douglas McGrath,"Sarah Jessica Parker, Pierce Brosnan, Greg Kinnear, Christina Hendricks, Kelsey Grammer, Seth Meyers, Olivia Munn, Jane Curtin, Mark Blum, Busy Philipps, Sarah Shahi, Jessica Szohr",United States,Comedies,2011
End of Watch,2012-09-20,7.3,2458,109,2012,15000000,41003371,16583235,R,Thriller/Suspense,Contemporary Fiction,Movie,David Ayer,"Jake Gyllenhaal, Michael Peña, Natalie Martinez, Anna Kendrick, David Harbour, Frank Grillo, America Ferrera, Cle Sloan, Jaime FitzSimons, Cody Horn, Shondrella Avery, America Ferrara",United States,Action & Adventure,2012
The Time Traveler's Wife,2009-08-14,6.9,1931,108,2009,39000000,63414846,38917289,PG-13,Drama,Science Fiction,Movie,Robert Schwentke,"Rachel McAdams, Eric Bana, Arliss Howard, Ron Livingston, Stephen Tobolowsky, Michelle Nolden, Jane McLean, Hailey McCann, Tatum McCann, Brooklynn Proulx, Alex Ferris",United States,"Dramas, Romantic Movies, Sci-Fi & Fantasy",2009
Babel,2006-09-08,7.2,2866,143,2006,20000000,34302837,97818375,R,Drama,Contemporary Fiction,Movie,Alejandro G. Iñárritu,"Brad Pitt, Cate Blanchett, Gael García Bernal, Koji Yakusho, Adriana Barraza, Rinko Kikuchi, Said Tarchani, Boubker Ait El Caid, Elle Fanning, Nathan Gamble, Mohamed Akhzam","France, United States, Mexico","Dramas, Independent Movies",2006
Legend of the Guardians: The Owls of Ga'Hoole,2010-07-10,6.8,1767,97,2010,100000000,55675313,84041404,PG,Adventure,Kids Fiction,Movie,Zack Snyder,"Helen Mirren, Geoffrey Rush, Jim Sturgess, Hugo Weaving, Emily Barclay, Abbie Cornish, Ryan Kwanten, Anthony LaPaglia, Miriam Margolyes, Sam Neill","United States, Australia",Children & Family Movies,2010
Next,2007-04-25,6,2287,96,2007,70000000,18211013,55380487,PG-13,Action,Science Fiction,Movie,Lee Tamahori,"Nicolas Cage, Julianne Moore, Jessica Biel, Thomas Kretschmann, Tory Kittles, José Zúñiga, Jim Beaver, Jason Butler Harner, Michael Trucco, Enzo Cilenti",United States,"Action & Adventure, Sci-Fi & Fantasy",2007
Up in the Air,2009-09-05,6.8,2854,110,2009,30000000,83823381,83019358,R,Drama,Contemporary Fiction,Movie,Jason Reitman,"George Clooney, Vera Farmiga, Anna Kendrick, Jason Bateman, Amy Morton, Melanie Lynskey, J.K. Simmons, Sam Elliott, Danny McBride, Zach Galifianakis, Chris Lowell",United States,"Comedies, Dramas, Romantic Movies",2009
USS Indianapolis: Men of Courage,2016-09-22,5.9,480,128,2016,40000000,0,1663785,R,Drama,Dramatization,Movie,Mario Van Peebles,"Nicolas Cage, Tom Sizemore, Thomas Jane, Matt Lanter, James Remar, Brian Presley, Johnny Wactor, Adam Scott Miller, Cody Walker, Callard Harris",United States,Action & Adventure,2016
Hairspray,2007-07-19,6.7,2089,117,2007,75000000,118871849,84163723,PG,Musical,Historical Fiction,Movie,Adam Shankman,"Nikki Blonsky, John Travolta, Michelle Pfeiffer, Christopher Walken, Amanda Bynes, James Marsden, Queen Latifah, Zac Efron, Brittany Snow, Allison Janney, Elijah Kelley, Jerry Stiller","United States, United Kingdom, Canada","Children & Family Movies, Comedies, Music & Musicals",2007
There Will Be Blood,2007-12-28,8.1,4799,158,2007,25000000,40222514,36986197,R,Drama,Historical Fiction,Movie,Paul Thomas Anderson,"Daniel Day-Lewis, Paul Dano, Kevin J. O'Connor, Ciarán Hinds, Dillon Freasier, Sydney McCallister, David Willis, David Warshofsky, Colton Woodward, Russell Harvard",United States,"Dramas, Independent Movies",2007
The Bank Job,2008-02-28,6.8,1651,112,2008,20000000,30060660,36082345,R,Thriller/Suspense,Dramatization,Movie,Roger Donaldson,"Jason Statham, Saffron Burrows, Richard Lintern, Stephen Campbell Moore, Daniel Mays, Peter Bowles, Keeley Hawes, Colin Salmon, Alki David, James Faulkner","United Kingdom, United States, Australia","Dramas, International Movies, Thrillers",2008
The Fighter,2010-12-17,7.4,3401,116,2010,11000000,93617009,35645379,R,Drama,Dramatization,Movie,David O. Russell,"Mark Wahlberg, Christian Bale, Amy Adams, Melissa Leo, Jack McGee, Melissa McMeekin, Bianca Hunter, Erica McDermott, Dendrie Taylor, Jill Quigg, Kate B. O'Brien, Sugar Ray Leonard",United States,"Dramas, Sports Movies",2010
The Pink Panther,2006-02-10,5.9,1482,93,2006,80000000,82226474,76700000,PG,Adventure,Historical Fiction,Movie,Shawn Levy,"Steve Martin, Kevin Kline, Beyoncé Knowles-Carter, Jean Reno, Emily Mortimer, Henry Czerny, Kristin Chenoweth, Roger Rees, Philip Goodwin, Henri Garcin, William Abadie","United States, Czech Republic","Children & Family Movies, Comedies",2006
Race to Witch Mountain,2009-03-12,5.8,1334,98,2009,50000000,67172595,37931189,PG,Adventure,Science Fiction,Movie,Andy Fickman,"Dwayne Johnson, AnnaSophia Robb, Alexander Ludwig, Carla Gugino, Ciarán Hinds, Tom Everett Scott, Chris Marquette, Billy Brown, Christine Lakin, Tom Woodruff Jr., John Kassir, Garry Marshall, John Duff, Ted Hartley, Dave Engfer, Bob Clendenin, Shengyi Huang, Robert Torti, Kim Richards, Brandon Miller, Paul Darnell, Omar Dorsey, Dennis Hayden, Suzanne Krull, Steve Rosenbaum, Andrew Shaifer, Bryan Fogel, Bob Koherr, Sam Wolfson, Beth Kennedy, Corri English, Jonathan Slavin, Kevin Christy, Meredith Salenger",United States,Children & Family Movies,2009
Carol,2015-11-20,7.5,2947,118,2015,11800000,12711491,30132030,R,Drama,Historical Fiction,Movie,Todd Haynes,"Cate Blanchett, Rooney Mara, Sarah Paulson, Kyle Chandler, Jake Lacy, John Magaro, Cory Michael Smith, Carrie Brownstein, Kevin Crowley, Nik Pajic","United Kingdom, United States, Australia","Dramas, LGBTQ Movies, Romantic Movies",2015
Revolutionary Road,2008-12-19,6.9,3014,119,2008,45000000,22951340,56653480,R,Drama,Historical Fiction,Movie,Sam Mendes,"Leonardo DiCaprio, Kate Winslet, Kathy Bates, Michael Shannon, Kathryn Hahn, David Harbour, Dylan Baker, Richard Easton, Zoe Kazan, Jay O. Sanders, Max Casella","United States, United Kingdom","Dramas, Romantic Movies",2008
The Lake House,2006-06-16,6.9,2101,99,2006,40000000,52330111,62500000,PG,Drama,Fantasy,Movie,Alejandro Agresti,"Keanu Reeves, Sandra Bullock, Dylan Walsh, Shohreh Aghdashloo, Ebon Moss-Bachrach, Lynn Collins, Willeke van Ammelrooy, Christopher Plummer",United States,"Dramas, Romantic Movies, Sci-Fi & Fantasy",2006
The Men Who Stare at Goats,2009-10-17,6,1753,94,2009,24000000,32428195,34920023,R,Black Comedy,Contemporary Fiction,Movie,Grant Heslov,"George Clooney, Ewan McGregor, Jeff Bridges, Kevin Spacey, Stephen Lang, Robert Patrick, Waleed Zuaiter, Stephen Root, Glenn Morshower, Nick Offerman, Tim Griffin, Rebecca Mader","United States, United Kingdom",Comedies,2009
Steve Jobs,2015-10-09,6.8,3456,122,2015,30000000,17766658,17812349,R,Drama,Dramatization,Movie,Danny Boyle,"Michael Fassbender, Kate Winslet, Seth Rogen, Jeff Daniels, Michael Stuhlbarg, Katherine Waterston, Perla Haney-Jardine, Sarah Snook, John Ortiz, Adam Shapiro","United Kingdom, United States",Dramas,2015
War,2007-08-24,6.3,1208,103,2007,25000000,22486409,18200000,R,Action,Contemporary Fiction,Movie,Philip G. Atwell,"Jet Li, Jason Statham, John Lone, Devon Aoki, Luis Guzmán, Saul Rubinek, Sung Kang, Mathew St. Patrick, Nadine Velazquez, Andrea Roth, Mark Cheng, Kane Kosugi, Ryo Ishibashi, Steph Song","United States, Canada",Action & Adventure,2007
Good Luck Chuck,2007-09-21,5.9,1154,101,2007,25000000,35017297,24166524,R,Romantic Comedy,Contemporary Fiction,Movie,Mark Helfrich,"Dane Cook, Jessica Alba, Dan Fogler, Ellia English, Sasha Pieterse, Annie Wood, Lonny Ross, Chelan Simmons, Simone Bailly, Jodelle Ferland, Crystal Lowe, Troy Gentile, Georgia Craig, Michelle Harrison, Chiara Zanni","United States, Canada","Comedies, Romantic Movies",2007
The Bucket List,2007-12-25,7.2,2848,97,2007,45000000,93466502,81340943,PG-13,Comedy,Contemporary Fiction,Movie,Rob Reiner,"Jack Nicholson, Morgan Freeman, Sean Hayes, Beverly Todd, Alfonso Freeman, Rob Morrow, Rowena King, Christopher Stapleton, Ian Anthony Dale, Richard McGonagle",United States,"Comedies, Dramas",2007
Burlesque,2010-11-23,7.2,1851,119,2010,55000000,39440655,51112020,PG-13,Drama,Contemporary Fiction,Movie,Steve Antin,"Cher, Christina Aguilera, Alan Cumming, Eric Dane, Cam Gigandet, Julianne Hough, Peter Gallagher, Kristen Bell, Stanley Tucci, Dianna Agron",United States,"Dramas, Romantic Movies",2010
Into the Wild,2007-09-11,7.8,7925,148,2007,20000000,18354356,38468604,R,Drama,Contemporary Fiction,Movie,Sean Penn,"Emile Hirsch, Marcia Gay Harden, William Hurt, Jena Malone, Brian Dierker, Catherine Keener, Vince Vaughn, Kristen Stewart, Hal Holbrook, Zach Galifianakis",United States,"Action & Adventure, Dramas, Independent Movies",2007
Freedom Writers,2007-01-05,7.9,1599,123,2007,21000000,36605602,7027007,PG-13,Drama,Dramatization,Movie,Richard LaGravenese,"Hilary Swank, Patrick Dempsey, Scott Glenn, Imelda Staunton, April L. Hernandez, Mario, Kristin Herrera, Jaclyn Ngan, Sergio Montalvo, Jason Finn, Deance Wyatt, Vanetta Smith","Germany, United States",Dramas,2007
Green Zone,2010-03-11,6.5,1720,115,2010,100000000,35497337,62025683,R,Drama,Historical Fiction,Movie,Paul Greengrass,"Matt Damon, Greg Kinnear, Brendan Gleeson, Amy Ryan, Khalid Abdalla, Jason Isaacs, Said Faraj, Michael O'Neill, Igal Naor, Raad Rawi","United Kingdom, France, Spain, United States",Action & Adventure,2010
The Break-Up,2006-06-01,5.8,2159,106,2006,52000000,118703275,87024032,PG-13,Romantic Comedy,Contemporary Fiction,Movie,Peyton Reed,"Vince Vaughn, Jennifer Aniston, Joey Lauren Adams, Cole Hauser, Jon Favreau, Jason Bateman, Judy Davis, Justin Long, Ivan Sergei, John Michael Higgins, Ann-Margret, Vernon Vaughn, Vincent D'Onofrio",United States,"Comedies, Dramas, Romantic Movies",2006
No Reservations,2007-06-15,6.5,942,104,2007,28000000,43107979,48835977,PG,Romantic Comedy,Contemporary Fiction,Movie,Scott Hicks,"Catherine Zeta-Jones, Aaron Eckhart, Abigail Breslin, Patricia Clarkson, Jenny Wade, Bob Balaban, Brían F. O'Byrne, Lily Rabe",United States,"Comedies, Romantic Movies",2007
American Heist,2014-09-11,4.7,285,94,2014,10000000,0,2341218,R,Action,Contemporary Fiction,Movie,Sarik Andreasyan,"Hayden Christensen, Adrien Brody, Jordana Brewster, Tory Kittles, Akon, Luis Da Silva Jr., Lance E. Nichols, Joe Chrest","Canada, Luxembourg","Action & Adventure, Dramas",2014
Dear John,2010-02-04,6.9,3591,115,2010,25000000,80014842,62018667,PG-13,Drama,Contemporary Fiction,Movie,Lasse Hallström,"Channing Tatum, Amanda Seyfried, Richard Jenkins, Henry Thomas, D.J. Cotrona, Cullen Moss, Gavin McCulley, Jose Lucena Jr., Keith Robinson, Scott Porter",United States,"Dramas, Romantic Movies",2010
Don't Be Afraid of the Dark,2010-11-06,5.7,830,99,2010,25000000,24046682,15079745,R,Horror,Contemporary Fiction,Movie,Troy Nixey,"Katie Holmes, Guy Pearce, Bailee Madison, Jack Thompson, Garry McDonald, Alan Dale, Julia Blake, Edwina Ritchard, Emilia Burns, Guillermo del Toro","United States, Australia, Mexico",Horror Movies,2010
Savages,2012-07-06,6.3,1765,131,2012,45000000,47323100,35190390,R,Thriller/Suspense,Contemporary Fiction,Movie,Oliver Stone,"Taylor Kitsch, Aaron Taylor-Johnson, Blake Lively, John Travolta, Benicio Del Toro, Salma Hayek, Demián Bichir, Sandra Echeverría, Emile Hirsch, Joaquín Cosío, Ali Wong",United States,"Dramas, Thrillers",2012
Spotlight,2015-11-06,7.8,6821,129,2015,20000000,45055776,47032684,R,Drama,Dramatization,Movie,Tom McCarthy,"Mark Ruffalo, Michael Keaton, Rachel McAdams, Liev Schreiber, John Slattery, Brian d'Arcy James, Stanley Tucci, Billy Crudup, Paul Guilfoyle, Jamey Sheridan",United States,"Dramas, Independent Movies",2015
War Horse,2011-12-25,7.3,2699,146,2011,70000000,79883359,76932170,PG-13,Drama,Contemporary Fiction,Movie,Steven Spielberg,"Emily Watson, David Thewlis, Peter Mullan, Niels Arestrup, Tom Hiddleston, Jeremy Irvine, Benedict Cumberbatch, Toby Kebbell, David Kross, Eddie Marsan, Nicolas Bro, Rainer Bock, Patrick Kennedy, Liam Cunningham","United States, India",Dramas,2011
The Water Diviner,2014-12-25,6.8,987,112,2014,22500000,4200117,26854610,R,Drama,Historical Fiction,Movie,Russell Crowe,"Russell Crowe, Olga Kurylenko, Yılmaz Erdoğan, Cem Yılmaz, Jai Courtney, Ryan Corr, James Fraser, Ben O'Toole, Steve Bastoni, Salih Kalyon","Australia, United States","Dramas, International Movies",2014
The Invention of Lying,2009-09-13,6.2,1555,100,2009,18500000,18451251,14228013,PG-13,Comedy,Fantasy,Movie,"Ricky Gervais, Matthew Robinson","Ricky Gervais, Jennifer Garner, Jonah Hill, Louis C.K., Jeffrey Tambor, Fionnula Flanagan, Rob Lowe, Tina Fey, Donna Sorbello, Stephanie March",United States,"Comedies, Romantic Movies",2009
The Queen,2006-09-15,7,933,103,2006,15000000,56441711,72444162,PG-13,Drama,Dramatization,Movie,Stephen Frears,"Helen Mirren, Michael Sheen, James Cromwell, Helen McCrory, Alex Jennings, Roger Allam, Sylvia Syms, Mark Bazeley","United Kingdom, United States, France, Italy","Dramas, International Movies",2006
The Artist,2011-10-12,7.4,2562,100,2011,16000000,44667095,83589617,PG-13,Drama,Historical Fiction,Movie,Michel Hazanavicius,"Jean Dujardin, Bérénice Bejo, John Goodman, James Cromwell, Penelope Ann Miller, Missi Pyle, Beth Grant, Ed Lauter, Joel Murray, Elizabeth Tulloch, Ken Davitian, Malcolm McDowell","France, Belgium, United States","Comedies, Dramas, Independent Movies",2011
The Hundred-Foot Journey,2014-08-06,7.3,1114,122,2014,22000000,54235441,40035047,PG,Romantic Comedy,Contemporary Fiction,Movie,Lasse Hallström,"Helen Mirren, Om Puri, Manish Dayal, Charlotte Le Bon, Amit Shah, Farzana Dua Elahe, Dillon Mitra, Aria Pandya","United States, India, United Arab Emirates","Comedies, Dramas",2014
Secret in Their Eyes,2015-10-14,6.4,1067,111,2015,20000000,20180155,12427864,PG-13,Thriller/Suspense,Contemporary Fiction,Movie,Billy Ray,"Chiwetel Ejiofor, Nicole Kidman, Julia Roberts, Dean Norris, Michael Kelly, Joe Cole, Zoe Graham, Alfred Molina","United States, United Kingdom, Spain, South Korea","Dramas, Thrillers",2015
The Vatican Tapes,2015-07-24,5.2,588,91,2015,13000000,1784763,13144421,PG-13,Horror,Contemporary Fiction,Movie,Mark Neveldine,"Olivia Taylor Dudley, Michael Peña, Dougray Scott, Djimon Hounsou, Peter Andersson, Kathleen Robertson, John Patrick Amedori, Michael Paré, Alex Sparrow, Cas Anvar",United States,"Horror Movies, Thrillers",2015
Defiance,2008-12-31,6.9,1363,137,2008,50000000,28644813,24342941,R,Drama,Historical Fiction,Movie,Edward Zwick,"Daniel Craig, Liev Schreiber, Jamie Bell, Alexa Davalos, Allan Corduner, Mark Feuerstein, Tomas Arana, Jodhi May, Kate Fahy, Iddo Goldberg, George MacKay, Iben Hjejle, Martin Hancock, Jacek Koman, Ravil Isyanov",United States,"Action & Adventure, Dramas",2008
Killing Them Softly,2012-07-30,6,1606,97,2012,15000000,14945541,24292902,R,Thriller/Suspense,Contemporary Fiction,Movie,Andrew Dominik,"Brad Pitt, Scoot McNairy, Ben Mendelsohn, Richard Jenkins, James Gandolfini, Ray Liotta, Vincent Curatola, Slaine, Max Casella, Trevor Long, Sam Shepard",United States,Dramas,2012
The Box,2009-09-17,5.6,1384,115,2009,25000000,15051977,11289919,PG-13,Thriller/Suspense,Fantasy,Movie,Richard Kelly,"Cameron Diaz, James Marsden, Frank Langella, James Rebhorn, Holmes Osborne, Sam Oz Stone, Gillian Jacobs, Celia Weston, Deborah Rush",United States,"Sci-Fi & Fantasy, Thrillers",2009
World Trade Center,2006-08-09,6.2,1269,129,2006,65000000,70278893,93016761,PG-13,Drama,Dramatization,Movie,Oliver Stone,"Nicolas Cage, Michael Peña, Maggie Gyllenhaal, Maria Bello, Stephen Dorff, Jay Hernandez, Michael Shannon, Frank Whaley, Jon Bernthal, Morgan Flynn, Nick Damici, Viola Davis, William Mapother",United States,"Action & Adventure, Dramas",2006
Remember Me,2010-03-12,7.1,3032,113,2010,16000000,19068240,37437880,PG-13,Drama,Contemporary Fiction,Movie,Allen Coulter,"Robert Pattinson, Emilie de Ravin, Chris Cooper, Lena Olin, Pierce Brosnan, Tate Ellington, Ruby Jerins, Gregory Jbara, Meghan Markle",United States,"Dramas, Romantic Movies",2010
Transcendence,2014-04-16,6,4531,119,2014,100000000,23022309,80016949,PG-13,Thriller/Suspense,Science Fiction,Movie,Wally Pfister,"Johnny Depp, Rebecca Hall, Morgan Freeman, Paul Bettany, Cillian Murphy, Kate Mara, Cole Hauser, Clifton Collins Jr.","United Kingdom, China, United States","Sci-Fi & Fantasy, Thrillers",2014
The Brave One,2007-09-12,6.5,708,122,2007,70000000,36793804,32998900,R,Drama,Contemporary Fiction,Movie,Neil Jordan,"Jodie Foster, Terrence Howard, Naveen Andrews, Carmen Ejogo, Nicky Katt, Mary Steenburgen, Lenny Venito, Zoë Kravitz, Jane Adams, Gordon MacDonald",United States,"Dramas, Thrillers",2007
Zoom,2006-08-11,5.3,471,83,2006,35000000,11989328,516860,PG,Adventure,Super Hero,Movie,Peter Hewitt,"Tim Allen, Courteney Cox, Chevy Chase, Kate Mara, Ryan Newman, Michael Cassidy, Spencer Breslin, Rip Torn, Kevin Zegers",United States,"Children & Family Movies, Comedies",2006
Traitor,2008-08-23,6.6,472,114,2008,22000000,23530831,4351395,PG-13,Thriller/Suspense,Contemporary Fiction,Movie,Jeffrey Nachmanoff,"Don Cheadle, Guy Pearce, Saïd Taghmaoui, Neal McDonough, Alyy Khan, Archie Panjabi, Raad Rawi, Jeff Daniels, Lorena Gale, Simon Reynolds, Jonathan Walker, Mozhan Marnò, Tom Barnett, Scali Delpeyrat",United States,"Dramas, Thrillers",2008
Brooklyn's Finest,2009-09-08,6.3,688,133,2009,17000000,27163593,12069640,R,Thriller/Suspense,Contemporary Fiction,Movie,Antoine Fuqua,"Richard Gere, Don Cheadle, Ethan Hawke, Wesley Snipes, Will Patton, Lili Taylor, Michael Kenneth Williams, Brían F. O'Byrne, Shannon Kane, Ellen Barkin, Vincent D'Onofrio, Logan Marshall-Green",United States,"Dramas, Thrillers",2009
The Imaginarium of Doctor Parnassus,2009-10-01,6.4,2220,123,2009,30000000,7689607,56663000,PG-13,Adventure,Fantasy,Movie,Terry Gilliam,"Heath Ledger, Christopher Plummer, Andrew Garfield, Verne Troyer, Lily Cole, Tom Waits, Johnny Depp, Colin Farrell, Jude Law","United Kingdom, Canada, France, United States","Action & Adventure, Sci-Fi & Fantasy",2009
Four Christmases,2008-11-26,5.8,822,88,2008,80000000,120146040,48165518,PG-13,Comedy,Contemporary Fiction,Movie,Seth Gordon,"Vince Vaughn, Reese Witherspoon, Robert Duvall, Sissy Spacek, Jon Voight, Jon Favreau, Mary Steenburgen, Dwight Yoakam, Tim McGraw, Kristin Chenoweth","Germany, United States","Comedies, Romantic Movies",2008
Across the Universe,2007-09-14,7.2,1090,133,2007,45000000,24343673,5023470,PG-13,Musical,Historical Fiction,Movie,Julie Taymor,"Evan Rachel Wood, Jim Sturgess, Joe Anderson, Dana Fuchs, Martin Luther, James Urbaniak, T.V. Carpio, Spencer Liff","United States, United Kingdom","Dramas, Music & Musicals, Romantic Movies",2007
Marshall,2017-10-13,7.3,458,118,2017,12000000,10051659,65157,PG-13,Drama,Dramatization,Movie,Reginald Hudlin,"Chadwick Boseman, Josh Gad, Kate Hudson, Sterling K. Brown, Dan Stevens, James Cromwell, Keesha Sharp, Roger Guenveur Smith, Derrick Baskin, Barrett Doss","United States, China, Hong Kong",Dramas,2017
Becoming Jane,2007-03-02,7.3,924,120,2007,16500000,18663911,20716965,PG,Romantic Comedy,Dramatization,Movie,Julian Jarrold,"Anne Hathaway, James McAvoy, Julie Walters, James Cromwell, Maggie Smith, Laurence Fox, Ian Richardson","United Kingdom, Ireland","Dramas, Romantic Movies",2007
Hot Rod,2007-08-03,6.3,727,88,2007,25000000,13938332,396069,PG-13,Comedy,Contemporary Fiction,Movie,Akiva Schaffer,"Andy Samberg, Jorma Taccone, Bill Hader, Danny McBride, Isla Fisher, Sissy Spacek, Ian McShane, Will Arnett, Chris Parnell, Chester Tam",United States,"Comedies, Sports Movies",2007
Trash,2014-10-09,7.1,480,112,2014,12000000,17484,6535702,R,Adventure,Contemporary Fiction,Movie,Stephen Daldry,"Wagner Moura, Martin Sheen, Rooney Mara, Selton Mello, José Dumont, Nelson Xavier, Eduardo Luis, Gabriel Weinstein, Rickson Tevez","United Kingdom, Brazil, Germany","Dramas, Independent Movies, Thrillers",2014
Get Him to the Greek,2010-06-04,5.9,1353,109,2010,40000000,61153526,30302349,R,Comedy,Contemporary Fiction,Movie,Nicholas Stoller,"Jonah Hill, Russell Brand, Elisabeth Moss, Rose Byrne, Colm Meaney, Sean ""P. Diddy"" Combs, Aziz Ansari, Carla Gallo, Nick Kroll, Kristen Schaal",United States,"Comedies, Music & Musicals",2010
Lady in the Water,2006-07-20,5.5,1022,110,2006,75000000,42285169,30500000,PG-13,Drama,Fantasy,Movie,M. Night Shyamalan,"Paul Giamatti, Bryce Dallas Howard, Jeffrey Wright, Bob Balaban, Sarita Choudhury, Cindy Cheung, M. Night Shyamalan, Freddy Rodríguez, Bill Irwin, Mary Beth Hurt",United States,"Sci-Fi & Fantasy, Thrillers",2006
Talladega Nights: The Ballad of Ricky Bobby,2006-08-04,6.4,1189,107,2006,73000000,148213377,14657148,PG-13,Comedy,Contemporary Fiction,Movie,Adam McKay,"Will Ferrell, John C. Reilly, Sacha Baron Cohen, Gary Cole, Michael Clarke Duncan, Leslie Bibb, Jane Lynch, Amy Adams, Andy Richter, Molly Shannon",United States,"Action & Adventure, Comedies, Sports Movies",2006
Milk,2008-11-05,7.3,1690,128,2008,20000000,31841299,25452072,R,Drama,Dramatization,Movie,Gus Van Sant,"Sean Penn, Emile Hirsch, Josh Brolin, Diego Luna, James Franco, Alison Pill, Victor Garber, Denis O'Hare, Joseph Cross, Stephen Spinella, Lucas Grabeel, Brandon Boyce",United States,"Dramas, Independent Movies, LGBTQ Movies",2008
The Iron Lady,2011-12-30,6.4,1340,105,2011,14000000,29959436,85632668,PG-13,Drama,Dramatization,Movie,Phyllida Lloyd,"Meryl Streep, Jim Broadbent, Alexandra Roach, Harry Lloyd, Olivia Colman, Iain Glen, Victoria Bewick, Nicholas Farrell, John Sessions, Anthony Head, David Westhead, Julian Wadham, Richard E. Grant, Angus Wright, Roger Allam, Michael Pennington, Susan Brown, Phoebe Waller-Bridge","United Kingdom, France","Dramas, International Movies",2011
Get on Up,2014-08-01,6.7,402,139,2014,30000000,30569935,2769933,PG-13,Drama,Dramatization,Movie,Tate Taylor,"Chadwick Boseman, Nelsan Ellis, Dan Aykroyd, Viola Davis, Lennie James, Fred Melamed, Craig Robinson, Jill Scott, Octavia Spencer, Jacinte Blankenship","United Kingdom, United States","Dramas, Music & Musicals",2014
The Informant!,2009-09-17,6.1,667,108,2009,22000000,33316821,8454347,R,Thriller/Suspense,Contemporary Fiction,Movie,Steven Soderbergh,"Matt Damon, Scott Bakula, Joel McHale, Melanie Lynskey, Thomas F. Wilson, Patton Oswalt, Tony Hale, Eddie Jemison, Paul F. Tompkins, Tom Papa",United States,"Comedies, Dramas",2009
Julie & Julia,2009-08-06,6.7,1668,123,2009,40000000,94125426,32520693,PG-13,Comedy,Contemporary Fiction,Movie,Nora Ephron,"Meryl Streep, Amy Adams, Stanley Tucci, Chris Messina, Linda Emond, Helen Carey, Mary Lynn Rajskub, Jane Lynch, Joan Juliet Buck",United States,"Comedies, Dramas",2009
By the Sea,2015-11-12,5.5,479,122,2015,20000000,538460,3189286,R,Drama,Historical Fiction,Movie,Angelina Jolie,"Angelina Jolie, Brad Pitt, Mélanie Laurent, Melvil Poupaud, Niels Arestrup, Richard Bohringer","France, Malta, United States","Dramas, Romantic Movies",2015
The Railway Man,2013-12-02,6.9,570,116,2013,18000000,4438438,19471772,R,Drama,Dramatization,Movie,Jonathan Teplitzky,"Colin Firth, Nicole Kidman, Jeremy Irvine, Stellan Skarsgård, Sam Reid, Hiroyuki Sanada, Michael MacKenzie, Tom Stokes","Switzerland, United Kingdom, Australia","Dramas, International Movies",2013
Death at a Funeral,2010-04-15,5.8,711,92,2010,21000000,42739347,6237886,R,Comedy,Contemporary Fiction,Movie,Neil LaBute,"Chris Rock, Martin Lawrence, Tracy Morgan, Danny Glover, James Marsden, Luke Wilson, Zoe Saldana, Regina Hall, Columbus Short, Peter Dinklage, Kevin Hart, Loretta Devine, Regine Nehy, Keith David, Ron Glass",United States,Comedies,2010
Dolphin Tale 2,2014-09-11,7,291,107,2014,36000000,42024533,15800000,PG,Drama,Kids Fiction,Movie,Charles Martin Smith,"Morgan Freeman, Ashley Judd, Harry Connick Jr., Kris Kristofferson, Nathan Gamble, Austin Stowell, Juliana Harkavy, Charles Martin Smith, Austin Highsmith, Cozi Zuehlsdorff",United States,"Children & Family Movies, Dramas",2014
Prom Night,2008-04-10,5.1,521,88,2008,18000000,43869350,13324305,PG-13,Horror,Contemporary Fiction,Movie,Nelson McCormick,"Brittany Snow, Scott Porter, Jessica Stroup, Dana Davis, Collins Pennie, Kelly Blatz, James Ransone, Brianne Davis, Kellan Lutz, Mary Mara, Ming-Na Wen, Johnathon Schaech, Idris Elba","United States, Canada",Horror Movies,2008
Philomena,2013-11-01,7.4,1283,98,2013,12000000,37709979,61253413,PG-13,Drama,Contemporary Fiction,Movie,Stephen Frears,"Judi Dench, Steve Coogan, Sophie Kennedy Clark, Mare Winningham, Barbara Jefford, Ruth McCabe, Peter Hermann, Sean Mahon, Anna Maxwell Martin, Michelle Fairley, Kate Fleetwood","United Kingdom, United States, France","Dramas, Independent Movies, International Movies",2013
Rachel Getting Married,2008-10-03,6.3,418,113,2008,12000000,12796861,4678614,R,Drama,Contemporary Fiction,Movie,Jonathan Demme,"Anne Hathaway, Rosemarie DeWitt, Debra Winger, Bill Irwin, Tunde Adebimpe, Mather Zickel, Anna Deavere Smith, Anisa George, Robyn Hitchcock, Sister Carol East, Sebastian Stan",United States,"Dramas, Independent Movies",2008
Doubt,2008-02-27,7.2,1321,104,2008,20000000,33446470,19744631,PG-13,Drama,Historical Fiction,Movie,John Patrick Shanley,"Meryl Streep, Philip Seymour Hoffman, Amy Adams, Viola Davis, Alice Drummond, Audrie Neenan, Susan Blommaert, Carrie Preston, Lydia Jordan, Lloyd Clay Brown",United States,"Dramas, Faith & Spirituality",2008
I Am Wrath,2016-04-14,5.5,515,92,2016,18000000,0,309608,R,Action,Contemporary Fiction,Movie,Chuck Russell,"John Travolta, Christopher Meloni, Amanda Schull, Sam Trammell, Patrick St. Esprit, Rebecca De Mornay, Asante Jones, Paul Sloan, Luis Da Silva Jr., Jordan Whalen",United States,"Action & Adventure, Dramas",2016
Queen of the Desert,2015-09-03,6,204,128,2015,36000000,0,1578543,PG-13,Drama,Dramatization,Movie,Werner Herzog,"Nicole Kidman, James Franco, Damian Lewis, Jay Abdo, Robert Pattinson, Jenny Agutter, David Calder, Christopher Fulford, Nick Waring, Holly Earl, Sophie Linfield","United States, Morocco",Dramas,2015
Welcome Home Roscoe Jenkins,2008-02-08,6,197,114,2008,27500000,42436517,1171110,PG-13,Comedy,Contemporary Fiction,Movie,Malcolm D. Lee,"Martin Lawrence, James Earl Jones, Joy Bryant, Margaret Avery, Mike Epps, Mo'Nique, Cedric the Entertainer, Nicole Ari Parker, Michael Clarke Duncan, Louis C.K.",United States,Comedies,2008
Hotel for Dogs,2009-01-16,6.1,694,100,2009,35000000,73178547,49178625,PG,Adventure,Kids Fiction,Movie,Thor Freudenthal,"Emma Roberts, Jake T. Austin, Kyla Pratt, Lisa Kudrow, Kevin Dillon, Don Cheadle, Johnny Simmons, Troy Gentile, Eric Edelstein, Robinne Lee, Ajay Naidu","Germany, United States","Children & Family Movies, Comedies",2009
